자치구,행정동,인구 합계,면적(km^2),기초생활수급자 인원,65세 이상 인구 수,단장기 외국인 체류자 수,종사자수,신협 수,새마을금고 수,우체국,편의점 수,약국 24시간,ATM 수,응급실 수,은행 수,기초생활수급자 인원_비율,65세 이상 인구 수_비율,단장기 외국인 체류자 수_비율,새마을금고 수_비율,우체국_비율,편의점 수_비율,약국 24시간_비율,ATM 수_비율,응급실 수_비율,은행 수_비율
종로구,사직동,"9,645",1.23,129,"1,781",1088.6688,47522,0,1,2,30,0,16,0,23,0.0133748056,0.1846552618,0.1128739036,0.8130081301,1.62601626,24.3902439,0,13.00813008,0,18.69918699
종로구,삼청동,"2,764",1.49,41,628,237.613325,4601,0,1,2,7,0,4,0,4,0.01483357453,0.2272069465,0.08596719428,0.6711409396,1.342281879,4.697986577,0,2.684563758,0,2.684563758
종로구,부암동,"9,852",2.27,150,"1,793",536.0895833,3454,0,0,1,10,0,5,0,2,0.01522533496,0.1819935039,0.05441428982,0,0.4405286344,4.405286344,0,2.202643172,0,0.8810572687
종로구,평창동,"18,336",8.87,137,"3,420",539.2251375,3447,0,1,0,15,0,4,0,2,0.007471640489,0.1865183246,0.0294080027,0.1127395716,0,1.691093574,0,0.4509582864,0,0.2254791432
종로구,무악동,"8,334",0.36,155,"1,400",95.18273333,1644,0,1,0,4,0,2,1,1,0.01859851212,0.1679865611,0.01142101432,2.777777778,0,11.11111111,0,5.555555556,2.777777778,2.777777778
종로구,교남동,"10,229",0.35,219,"1,616",175.137575,4581,1,2,0,16,1,1,1,3,0.02140971747,0.1579822074,0.01712167123,5.714285714,0,45.71428571,2.857142857,2.857142857,2.857142857,8.571428571
종로구,가회동,"4,259",0.54,70,878,255.580175,12817,0,1,0,7,0,1,0,3,0.01643578305,0.2061516788,0.06000943297,1.851851852,0,12.96296296,0,1.851851852,0,5.555555556
종로구,종로1.2.3.4가동,"8,403",2.35,783,"1,955",2441.405033,108747,1,3,4,107,0,42,0,35,0.09318100678,0.2326550042,0.2905396921,1.276595745,1.70212766,45.53191489,0,17.87234043,0,14.89361702
종로구,종로5.6가동,"5,526",0.60,291,"1,067",929.1359875,24537,2,2,1,24,0,9,0,8,0.05266015201,0.193087224,0.1681389771,3.333333333,1.666666667,40,0,15,0,13.33333333
종로구,이화동,"7,774",0.78,267,"1,358",984.6229667,17244,0,1,2,20,0,15,1,4,0.03434525341,0.1746848469,0.1266559,1.282051282,2.564102564,25.64102564,0,19.23076923,1.282051282,5.128205128
종로구,창신1동,"5,704",0.31,454,"1,234",1096.251963,5907,0,1,0,10,0,4,0,4,0.07959326788,0.2163394109,0.1921900356,3.225806452,0,32.25806452,0,12.90322581,0,12.90322581
종로구,창신2동,"9,137",0.26,450,"1,753",1601.644362,2216,0,1,0,4,0,1,0,1,0.04925030097,0.1918572836,0.1752921486,3.846153846,0,15.38461538,0,3.846153846,0,3.846153846
종로구,창신3동,"6,845",0.23,228,"1,217",219.1358958,895,0,1,0,3,0,1,0,0,0.03330898466,0.1777940102,0.03201400961,4.347826087,0,13.04347826,0,4.347826087,0,0
종로구,숭인1동,"6,146",0.23,311,"1,184",683.6513875,1545,0,0,1,8,0,1,0,1,0.05060201757,0.1926456232,0.1112351753,0,4.347826087,34.7826087,0,4.347826087,0,4.347826087
종로구,숭인2동,"10,140",0.35,424,"1,657",1348.9295,6886,0,1,0,24,0,2,0,3,0.04181459566,0.1634122288,0.1330305227,2.857142857,0,68.57142857,0,5.714285714,0,8.571428571
종로구,청운효자동,"12,220",2.57,180,"2,156",480.9292917,5656,0,2,0,13,0,2,0,4,0.0147299509,0.1764320786,0.03935591585,0.7782101167,0,5.058365759,0,0.7782101167,0,1.556420233
종로구,혜화동,"19,004",1.12,319,"2,679",5367.552167,8747,0,1,1,32,0,8,0,5,0.0167859398,0.140970322,0.2824432839,0.8928571429,0.8928571429,28.57142857,0,7.142857143,0,4.464285714
중구,소공동,"3,286",0.95,46,293,3123.245588,64144,6,2,1,50,0,24,0,27,0.01399878271,0.08916615946,0.9504703554,2.105263158,1.052631579,52.63157895,0,25.26315789,0,28.42105263
중구,회현동,"5,488",0.84,490,"1,348",1861.483717,45216,2,2,2,58,0,23,0,15,0.08928571429,0.2456268222,0.3391916394,2.380952381,2.380952381,69.04761905,0,27.38095238,0,17.85714286
중구,명동,"3,685",0.99,81,751,2804.486404,110390,2,1,2,84,0,27,0,43,0.02198100407,0.2037991859,0.7610546551,1.01010101,2.02020202,84.84848485,0,27.27272727,0,43.43434343
중구,필동,"4,678",1.14,89,907,1917.559275,22404,0,1,0,29,0,11,0,9,0.01902522445,0.1938862762,0.4099100631,0.8771929825,0,25.43859649,0,9.649122807,0,7.894736842
중구,장충동,"5,344",1.36,124,848,1548.273433,9181,0,1,1,14,0,3,0,3,0.02320359281,0.1586826347,0.289721825,0.7352941176,0.7352941176,10.29411765,0,2.205882353,0,2.205882353
중구,광희동,"6,292",0.74,193,"1,115",4493.228296,36451,0,2,0,43,0,18,1,15,0.03067387158,0.1772091545,0.7141176567,2.702702703,0,58.10810811,0,24.32432432,1.351351351,20.27027027
중구,을지로동,"1,909",0.60,128,469,1664.346846,35333,0,0,2,34,1,14,1,10,0.06705081194,0.2456783656,0.8718422452,0,3.333333333,56.66666667,1.666666667,23.33333333,1.666666667,16.66666667
중구,신당5동,"10,728",0.39,420,"1,813",881.0724375,4057,0,0,0,8,0,1,0,2,0.03914988814,0.1689970172,0.08212830327,0,0,20.51282051,0,2.564102564,0,5.128205128
중구,황학동,"13,326",0.33,483,"2,017",1468.717696,5643,0,1,0,13,0,6,0,7,0.03624493471,0.151358247,0.1102144451,3.03030303,0,39.39393939,0,18.18181818,0,21.21212121
중구,중림동,"12,408",0.48,604,"2,080",497.020675,7530,0,1,0,14,0,3,0,3,0.04867827208,0.1676337847,0.04005646962,2.083333333,0,29.16666667,0,6.25,0,6.25
중구,신당동,"9,087",0.55,354,"1,449",3454.807304,29891,1,4,1,31,0,30,0,5,0.0389567514,0.1594585672,0.3801922861,7.272727273,1.818181818,56.36363636,0,54.54545455,0,9.090909091
중구,다산동,"14,350",0.51,450,"2,756",653.037175,9742,0,0,0,16,0,3,0,4,0.03135888502,0.1920557491,0.04550781707,0,0,31.37254902,0,5.882352941,0,7.843137255
중구,약수동,"17,003",0.48,826,"3,789",476.3940458,4122,0,0,1,12,0,9,0,2,0.04857966241,0.2228430277,0.02801823477,0,2.083333333,25,0,18.75,0,4.166666667
중구,청구동,"13,851",0.34,707,"2,719",339.9903042,4419,0,0,0,5,0,2,0,0,0.05104324598,0.196303516,0.02454626411,0,0,14.70588235,0,5.882352941,0,0
중구,동화동,"10,508",0.26,188,"1,871",456.9945375,4045,0,0,0,9,0,3,0,1,0.01789113057,0.1780548154,0.04349015393,0,0,34.61538462,0,11.53846154,0,3.846153846
용산구,후암동,"17,411",0.86,828,"3,006",998.2068417,3658,0,1,1,19,0,3,0,1,0.04755614267,0.1726494745,0.05733196495,1.162790698,1.162790698,22.09302326,0,3.488372093,0,1.162790698
용산구,용산2가동,"10,793",1.96,575,"2,049",1750.262671,2070,0,1,0,20,0,4,0,0,0.05327527101,0.1898452701,0.1621664663,0.5102040816,0,10.20408163,0,2.040816327,0,0
용산구,남영동,"7,832",1.19,"1,265","1,550",1163.335983,20322,1,1,0,31,0,8,0,6,0.1615168539,0.1979060266,0.1485362593,0.8403361345,0,26.05042017,0,6.722689076,0,5.042016807
용산구,원효로2동,"13,924",0.71,435,"2,300",259.4655417,6846,0,0,2,14,0,3,0,2,0.03124102269,0.1651824188,0.01863441121,0,2.816901408,19.71830986,0,4.225352113,0,2.816901408
용산구,효창동,"10,213",0.44,126,"1,492",427.221125,2182,0,1,0,9,0,2,0,1,0.01233721727,0.1460883188,0.04183110986,2.272727273,0,20.45454545,0,4.545454545,0,2.272727273
용산구,용문동,"12,037",0.28,370,"2,124",376.7357083,1789,0,1,0,9,1,1,0,0,0.03073855612,0.1764559276,0.03129813976,3.571428571,0,32.14285714,3.571428571,3.571428571,0,0
용산구,이촌1동,"27,027",2.86,49,"4,361",1388.764933,3613,0,0,1,13,0,5,0,8,0.001813001813,0.1613571614,0.05138435391,0,0.3496503497,4.545454545,0,1.748251748,0,2.797202797
용산구,이촌2동,"8,443",1.22,163,"1,777",208.601975,832,0,1,0,7,0,1,0,0,0.01930593391,0.210470212,0.02470709167,0.8196721311,0,5.737704918,0,0.8196721311,0,0
용산구,이태원1동,"8,225",0.57,227,"1,392",2464.4189,7006,0,1,0,25,0,4,0,5,0.02759878419,0.1692401216,0.2996253982,1.754385965,0,43.85964912,0,7.01754386,0,8.771929825
용산구,이태원2동,"10,594",0.86,283,"1,848",2683.337108,2208,0,1,1,13,0,3,0,5,0.02671323391,0.1744383613,0.253288381,1.162790698,1.162790698,15.11627907,0,3.488372093,0,5.813953488
용산구,서빙고동,"13,913",2.80,335,"2,151",1210.426863,4683,0,1,0,10,0,7,0,1,0.02407820024,0.1546036081,0.08699970265,0.3571428571,0,3.571428571,0,2.5,0,0.3571428571
용산구,보광동,"14,804",0.71,"1,042","2,689",1100.828658,2076,0,1,1,10,0,2,0,1,0.07038638206,0.1816400973,0.07436021737,1.408450704,1.408450704,14.08450704,0,2.816901408,0,1.408450704
용산구,청파동,"20,121",0.91,"1,000","3,285",1330.449013,8542,0,1,1,27,0,5,0,2,0.04969931912,0.1632622633,0.06612241007,1.098901099,1.098901099,29.67032967,0,5.494505495,0,2.197802198
용산구,원효로1동,"16,569",0.59,346,"1,962",1248.507842,10067,1,1,1,20,0,7,0,3,0.02088237069,0.1184139055,0.07535203344,1.694915254,1.694915254,33.89830508,0,11.86440678,0,5.084745763
용산구,한강로동,"23,417",2.90,415,"3,209",2982.396229,41427,3,2,3,49,0,16,0,22,0.01772216766,0.1370371952,0.1273603036,0.6896551724,1.034482759,16.89655172,0,5.517241379,0,7.586206897
용산구,한남동,"22,977",3.01,556,"3,711",3336.165033,17919,0,1,1,26,0,10,1,11,0.02419811115,0.1615093354,0.1451958495,0.3322259136,0.3322259136,8.637873754,0,3.322259136,0.3322259136,3.65448505
성동구,왕십리2동,"16,881",0.41,529,"2,543",437.5764917,2757,1,1,0,10,0,2,0,0,0.0313370061,0.1506427344,0.02592124233,2.43902439,0,24.3902439,0,4.87804878,0,0
성동구,마장동,"23,028",1.05,800,"3,912",1304.0646,12056,0,1,1,19,0,4,0,4,0.03474031614,0.1698801459,0.05662952058,0.9523809524,0.9523809524,18.0952381,0,3.80952381,0,3.80952381
성동구,사근동,"13,335",1.10,239,"1,522",3094.774467,10842,1,0,1,34,0,21,1,3,0.01792275966,0.114135733,0.2320790751,0,0.9090909091,30.90909091,0,19.09090909,0.9090909091,2.727272727
성동구,행당1동,"14,223",0.59,364,"2,118",820.8819292,8651,1,1,1,21,0,7,0,4,0.02559235042,0.1489137313,0.05771510435,1.694915254,1.694915254,35.59322034,0,11.86440678,0,6.779661017
성동구,행당2동,"23,568",0.42,819,"3,796",254.5194417,2050,0,1,0,8,0,5,0,2,0.03475050916,0.161065852,0.01079936531,2.380952381,0,19.04761905,0,11.9047619,0,4.761904762
성동구,응봉동,"15,560",0.57,195,"2,545",127.07128,1028,0,0,0,5,0,3,0,0,0.01253213368,0.1635604113,0.008166534704,0,0,8.771929825,0,5.263157895,0,0
성동구,금호1가동,"15,442",0.46,765,"2,626",276.3123292,2100,1,1,0,8,0,4,0,0,0.049540215,0.1700556923,0.01789355843,2.173913043,0,17.39130435,0,8.695652174,0,0
성동구,금호4가동,"14,517",0.84,416,"2,382",380.06095,2026,1,1,0,7,0,5,0,3,0.02865605841,0.1640834883,0.02618040573,1.19047619,0,8.333333333,0,5.952380952,0,3.571428571
성동구,성수1가1동,"16,919",1.97,518,"2,287",740.3384542,10716,0,1,1,22,0,3,0,2,0.03061646669,0.1351734736,0.04375781395,0.5076142132,0.5076142132,11.16751269,0,1.52284264,0,1.015228426
성동구,성수1가2동,"13,003",0.89,269,"1,921",756.1874667,21512,0,1,0,30,0,4,0,5,0.02068753365,0.147735138,0.05815484632,1.123595506,0,33.70786517,0,4.494382022,0,5.617977528
성동구,성수2가1동,"16,460",1.17,782,"2,881",2021.673892,18394,0,1,0,23,0,7,0,3,0.047509113,0.1750303767,0.1228234442,0.8547008547,0,19.65811966,0,5.982905983,0,2.564102564
성동구,성수2가3동,"11,152",1.03,232,"1,911",1221.122163,53249,0,1,1,60,0,10,0,15,0.02080344333,0.1713593974,0.1094980419,0.9708737864,0.9708737864,58.25242718,0,9.708737864,0,14.5631068
성동구,송정동,"10,949",0.75,661,"1,793",1052.813492,2709,0,0,0,9,1,1,0,0,0.06037081012,0.1637592474,0.09615613225,0,0,12,1.333333333,1.333333333,0,0
성동구,용답동,"12,685",2.31,857,"2,179",2191.708008,13279,0,1,1,14,0,10,0,2,0.06756011037,0.1717776902,0.172779504,0.4329004329,0.4329004329,6.060606061,0,4.329004329,0,0.8658008658
성동구,왕십리도선동,"27,074",0.72,858,"3,745",1185.666612,10015,0,1,1,25,0,3,0,4,0.03169092118,0.1383245919,0.04379355145,1.388888889,1.388888889,34.72222222,0,4.166666667,0,5.555555556
성동구,금호2.3가동,"22,932",0.64,782,"3,857",405.9832542,2670,0,1,1,17,0,4,0,2,0.03410081982,0.1681929182,0.01770378747,1.5625,1.5625,26.5625,0,6.25,0,3.125
성동구,옥수동,"26,412",1.94,502,"4,035",936.0004333,4189,1,1,0,14,0,6,0,2,0.01900651219,0.1527714675,0.03543845348,0.5154639175,0,7.216494845,0,3.092783505,0,1.030927835
광진구,화양동,"25,626",1.16,589,"2,310",5405.336075,15023,0,1,1,61,0,11,1,5,0.0229844689,0.09014282369,0.2109317129,0.8620689655,0.8620689655,52.5862069,0,9.482758621,0.8620689655,4.310344828
광진구,군자동,"21,583",0.74,817,"3,019",2108.531542,10021,0,1,0,30,0,7,0,5,0.03785386647,0.1398786082,0.09769408989,1.351351351,0,40.54054054,0,9.459459459,0,6.756756757
광진구,중곡1동,"15,959",0.62,838,"2,512",566.0373917,6288,0,1,0,15,0,1,0,0,0.05250955574,0.1574033461,0.03546822431,1.612903226,0,24.19354839,0,1.612903226,0,0
광진구,중곡2동,"21,864",0.55,844,"3,267",605.5570417,6959,0,0,1,27,0,2,0,4,0.03860226857,0.1494237102,0.02769653502,0,1.818181818,49.09090909,0,3.636363636,0,7.272727273
광진구,중곡3동,"16,465",0.60,"1,105","2,851",374.2585875,4543,0,1,0,17,0,1,0,1,0.06711205588,0.1731551776,0.02273055497,1.666666667,0,28.33333333,0,1.666666667,0,1.666666667
광진구,중곡4동,"29,144",2.32,"1,426","5,089",568.7123667,4751,0,1,0,21,0,4,0,2,0.04892945375,0.1746157013,0.01951387478,0.4310344828,0,9.051724138,0,1.724137931,0,0.8620689655
광진구,능동,"11,661",1.10,315,"1,617",786.3798167,5723,0,1,0,17,0,0,0,0,0.02701312066,0.1386673527,0.06743673928,0.9090909091,0,15.45454545,0,0,0,0
광진구,구의1동,"22,251",0.56,897,"3,086",1244.626388,6989,0,1,1,28,0,4,0,4,0.04031279493,0.1386903959,0.05593575066,1.785714286,1.785714286,50,0,7.142857143,0,7.142857143
광진구,구의2동,"27,107",1.39,"1,055","4,308",579.3252375,5912,0,1,0,19,0,3,0,2,0.0389198362,0.1589257387,0.02137179465,0.7194244604,0,13.66906475,0,2.158273381,0,1.438848921
광진구,구의3동,"28,969",1.02,525,"4,091",588.9284958,16544,0,0,1,32,1,7,0,4,0.01812282095,0.1412199247,0.02032961082,0,0.9803921569,31.37254902,0.9803921569,6.862745098,0,3.921568627
광진구,광장동,"35,004",2.39,229,"3,767",549.3196917,16114,0,0,0,21,0,8,0,9,0.006542109473,0.1076162724,0.01569305484,0,0,8.786610879,0,3.347280335,0,3.765690377
광진구,자양1동,"23,233",0.57,"1,171","3,468",1625.265008,8987,0,1,0,21,0,4,1,3,0.0504024448,0.1492704343,0.06995502122,1.754385965,0,36.84210526,0,7.01754386,1.754385965,5.263157895
광진구,자양2동,"25,175",1.68,765,"3,975",781.9283042,6095,0,1,2,22,0,1,0,1,0.03038728898,0.1578947368,0.03105971417,0.5952380952,1.19047619,13.0952381,0,0.5952380952,0,0.5952380952
광진구,자양3동,"28,430",1.20,344,"4,226",968.5447958,6185,0,0,0,25,1,4,0,6,0.01209989448,0.1486457967,0.03406770298,0,0,20.83333333,0.8333333333,3.333333333,0,5
광진구,자양4동,"20,909",1.16,875,"3,692",6449.178775,6171,0,1,0,29,0,6,0,2,0.04184800803,0.1765746808,0.3084403259,0.8620689655,0,25,0,5.172413793,0,1.724137931
동대문구,회기동,"12,679",0.76,297,"1,528",4271.764871,10615,0,2,0,21,0,7,1,5,0.0234245603,0.1205142361,0.3369165448,2.631578947,0,27.63157895,0,9.210526316,1.315789474,6.578947368
동대문구,휘경1동,"15,596",0.63,359,"2,095",3061.517292,3558,0,1,0,16,0,3,0,1,0.02301872275,0.1343293152,0.1963014422,1.587301587,0,25.3968254,0,4.761904762,0,1.587301587
동대문구,휘경2동,"24,966",1.05,621,"3,987",1314.651808,4930,0,0,0,17,0,7,1,1,0.02487382841,0.1596971882,0.05265768677,0,0,16.19047619,0,6.666666667,0.9523809524,0.9523809524
동대문구,청량리동,"19,397",1.20,"1,692","5,198",1180.294942,8267,1,0,0,17,0,10,1,4,0.08722998402,0.2679795845,0.06084935516,0,0,14.16666667,0,8.333333333,0.8333333333,3.333333333
동대문구,용신동,"32,379",1.61,"1,551","5,671",2449.417496,28569,1,1,7,49,0,17,0,7,0.04790141759,0.1751443837,0.07564833676,0.6211180124,4.347826087,30.43478261,0,10.55900621,0,4.347826087
동대문구,제기동,"26,630",1.18,"1,451","5,763",4145.490163,13499,1,3,0,30,0,8,0,5,0.0544874202,0.2164100638,0.1556699273,2.542372881,0,25.42372881,0,6.779661017,0,4.237288136
동대문구,전농1동,"29,911",1.19,"1,750","5,603",1363.118012,7802,0,1,1,29,0,2,0,2,0.05850690381,0.1873223898,0.04557246538,0.8403361345,0.8403361345,24.3697479,0,1.680672269,0,1.680672269
동대문구,전농2동,"19,062",0.86,738,"3,646",394.2377248,4853,1,1,0,17,0,8,0,2,0.03871576959,0.1912705907,0.02068186574,1.162790698,0,19.76744186,0,9.302325581,0,2.325581395
동대문구,답십리2동,"28,792",0.85,"1,211","5,521",485.8499583,7544,0,1,0,17,0,5,0,2,0.04206029453,0.1917546541,0.01687447757,1.176470588,0,20,0,5.882352941,0,2.352941176
동대문구,장안1동,"38,793",1.25,"1,506","6,435",985.3717,20501,0,1,1,57,0,6,0,10,0.03882143686,0.1658804423,0.02540076045,0.8,0.8,45.6,0,4.8,0,8
동대문구,장안2동,"32,861",1.09,"1,230","5,176",677.2797042,11503,0,1,0,37,1,5,0,2,0.03743038861,0.1575119443,0.02061044108,0.9174311927,0,33.94495413,0.9174311927,4.587155963,0,1.834862385
동대문구,이문1동,"20,627",1.04,695,"3,129",4707.295971,6425,1,1,1,30,0,6,0,2,0.03369370243,0.1516943812,0.2282104024,0.9615384615,0.9615384615,28.84615385,0,5.769230769,0,1.923076923
동대문구,이문2동,"20,487",0.69,934,"3,959",313.9412208,2293,0,0,0,12,0,4,0,0,0.04558988627,0.1932444965,0.0153239235,0,0,17.39130435,0,5.797101449,0,0
동대문구,답십리1동,"29,446",0.81,812,"4,048",686.4124292,8041,0,0,0,31,0,6,0,5,0.02757590165,0.1374719826,0.02331088872,0,0,38.27160494,0,7.407407407,0,6.172839506
중랑구,면목2동,"24,534",0.77,"1,608","4,520",390.844125,6306,0,1,0,22,0,1,0,0,0.06554169724,0.1842341241,0.0159307135,1.298701299,0,28.57142857,0,1.298701299,0,0
중랑구,면목4동,"19,415",0.87,"1,609","3,783",414.4915875,3839,0,0,0,15,0,1,0,0,0.08287406644,0.1948493433,0.02134903876,0,0,17.24137931,0,1.149425287,0,0
중랑구,면목5동,"14,868",0.70,726,"2,201",220.3564542,3050,0,0,1,8,0,2,0,1,0.04882970137,0.1480360506,0.01482085379,0,1.428571429,11.42857143,0,2.857142857,0,1.428571429
중랑구,면목7동,"22,124",1.20,"1,067","4,258",457.3598375,4335,0,1,0,18,0,3,0,2,0.0482281685,0.1924606762,0.02067256543,0.8333333333,0,15,0,2.5,0,1.666666667
중랑구,상봉1동,"24,428",0.88,"1,590","3,734",266.0569958,6638,0,1,1,18,0,3,0,1,0.06508924185,0.1528573768,0.01089147682,1.136363636,1.136363636,20.45454545,0,3.409090909,0,1.136363636
중랑구,상봉2동,"20,670",0.65,"1,026","3,044",725.5250333,9306,2,0,0,33,0,4,0,3,0.0496371553,0.1472665699,0.03510038865,0,0,50.76923077,0,6.153846154,0,4.615384615
중랑구,중화1동,"19,967",0.64,986,"3,637",219.6932417,3590,1,1,1,19,0,1,0,2,0.04938147944,0.1821505484,0.01100281673,1.5625,1.5625,29.6875,0,1.5625,0,3.125
중랑구,중화2동,"25,530",1.01,"2,371","5,017",789.0782917,6771,1,1,0,20,0,5,0,3,0.092871132,0.1965139052,0.03090788452,0.9900990099,0,19.8019802,0,4.95049505,0,2.97029703
중랑구,묵1동,"34,864",1.20,"1,110","5,898",265.5842708,5736,0,1,0,22,0,6,0,2,0.03183799908,0.1691716384,0.007617722315,0.8333333333,0,18.33333333,0,5,0,1.666666667
중랑구,묵2동,"19,178",0.67,967,"3,566",382.7836125,4688,1,0,1,17,0,3,0,3,0.05042235895,0.1859422255,0.01995951676,0,1.492537313,25.37313433,0,4.47761194,0,4.47761194
중랑구,망우3동,"16,803",0.92,"1,759","3,347",250.5015399,3746,0,0,0,12,0,2,0,1,0.1046836874,0.1991906207,0.01490814378,0,0,13.04347826,0,2.173913043,0,1.086956522
중랑구,신내1동,"38,665",2.56,"1,843","6,721",385.7950917,11518,0,1,0,22,0,5,1,2,0.04766584767,0.173826458,0.00997788935,0.390625,0,8.59375,0,1.953125,0.390625,0.78125
중랑구,신내2동,"20,710",0.93,"1,351","4,046",153.4685417,6468,0,0,1,10,0,7,0,3,0.06523418638,0.1953645582,0.007410359329,0,1.075268817,10.75268817,0,7.52688172,0,3.225806452
중랑구,면목본동,"34,497",0.84,"2,314","6,056",1036.921117,7681,1,1,0,29,1,3,0,2,0.06707829666,0.1755514972,0.03005829832,1.19047619,0,34.52380952,1.19047619,3.571428571,0,2.380952381
중랑구,면목3.8동,"25,346",1.63,"1,782","4,989",435.7246458,7671,1,2,1,21,0,7,1,1,0.07030695179,0.1968357926,0.01719106154,1.226993865,0.6134969325,12.88343558,0,4.294478528,0.6134969325,0.6134969325
중랑구,망우본동,"31,550",3.03,"2,181","6,091",701.5083208,12002,2,1,1,33,0,10,1,4,0.06912836767,0.1930586371,0.02223481207,0.3300330033,0.3300330033,10.89108911,0,3.300330033,0.3300330033,1.320132013
성북구,돈암1동,"14,859",0.49,559,"2,869",221.1502935,2116,0,0,0,8,0,3,0,0,0.03762029746,0.193081634,0.0148832555,0,0,16.32653061,0,6.12244898,0,0
성북구,돈암2동,"24,134",0.48,365,"3,504",273.203325,2477,0,1,0,5,0,4,0,1,0.01512389161,0.1451893594,0.01132026705,2.083333333,0,10.41666667,0,8.333333333,0,2.083333333
성북구,안암동,"16,386",1.33,415,"2,102",2443.437042,13406,1,1,1,39,0,11,1,5,0.02532649823,0.1282802392,0.1491173588,0.7518796992,0.7518796992,29.32330827,0,8.270676692,0.7518796992,3.759398496
성북구,보문동,"15,736",0.56,449,"2,404",811.2769458,5461,0,0,0,16,0,3,0,4,0.02853329944,0.1527707168,0.05155547444,0,0,28.57142857,0,5.357142857,0,7.142857143
성북구,정릉1동,"18,504",0.44,392,"3,079",330.8430625,1976,1,1,0,16,0,0,0,0,0.02118460873,0.1663964548,0.01787954294,2.272727273,0,36.36363636,0,0,0,0
성북구,정릉2동,"23,298",1.17,721,"4,422",403.3546583,2961,0,1,1,20,0,1,0,3,0.03094686239,0.1898016997,0.01731284481,0.8547008547,0.8547008547,17.09401709,0,0.8547008547,0,2.564102564
성북구,정릉3동,"16,222",3.71,728,"3,259",1959.549596,4764,1,0,0,14,0,16,0,1,0.04487732709,0.2009000123,0.1207958079,0,0,3.773584906,0,4.312668464,0,0.269541779
성북구,정릉4동,"25,403",3.13,792,"4,813",567.0970875,4131,0,0,0,17,0,5,0,3,0.03117741999,0.1894658111,0.02232402029,0,0,5.431309904,0,1.597444089,0,0.9584664537
성북구,길음1동,"35,744",0.79,545,"4,559",344.1603417,3921,0,2,0,10,0,6,0,4,0.01524731423,0.1275458818,0.009628478673,2.53164557,0,12.65822785,0,7.594936709,0,5.063291139
성북구,길음2동,"16,742",0.58,458,"2,531",304.4866625,4816,0,0,0,8,0,9,0,0,0.0273563493,0.1511766814,0.01818699453,0,0,13.79310345,0,15.51724138,0,0
성북구,월곡1동,"26,680",0.81,946,"4,683",533.6931833,5403,1,0,1,14,0,3,0,3,0.03545727136,0.1755247376,0.02000349263,0,1.234567901,17.28395062,0,3.703703704,0,3.703703704
성북구,월곡2동,"20,028",1.36,701,"3,626",721.2120583,8951,1,1,1,25,0,10,0,4,0.0350009986,0.1810465349,0.03601018865,0.7352941176,0.7352941176,18.38235294,0,7.352941176,0,2.941176471
성북구,장위1동,"24,581",0.70,"1,862","4,050",341.7317625,2263,1,1,0,15,0,1,0,1,0.07574956267,0.1647614011,0.01390227259,1.428571429,0,21.42857143,0,1.428571429,0,1.428571429
성북구,장위2동,"13,995",0.67,957,"3,105",258.9339458,3218,0,1,1,9,0,2,0,2,0.06838156484,0.2218649518,0.01850188966,1.492537313,1.492537313,13.43283582,0,2.985074627,0,2.985074627
성북구,장위3동,"16,180",0.65,621,"2,124",177.2864,2331,0,1,0,9,0,2,0,0,0.03838071693,0.1312731768,0.01095713226,1.538461538,0,13.84615385,0,3.076923077,0,0
성북구,성북동,"17,134",2.86,404,"3,080",826.4681125,5315,0,1,0,16,0,2,0,4,0.02357884907,0.1797595424,0.0482355616,0.3496503497,0,5.594405594,0,0.6993006993,0,1.398601399
성북구,삼선동,"23,533",0.92,777,"3,936",1062.833617,8921,0,2,3,31,1,10,0,6,0.03301746484,0.1672544937,0.04516354128,2.173913043,3.260869565,33.69565217,1.086956522,10.86956522,0,6.52173913
성북구,동선동,"16,111",0.73,434,"2,263",1413.662237,9961,0,0,0,36,0,5,0,4,0.02693811681,0.1404630377,0.08774515778,0,0,49.31506849,0,6.849315068,0,5.479452055
성북구,종암동,"40,429",1.46,"1,307","6,717",2637.1065,8629,0,2,1,29,0,10,0,2,0.03232827921,0.1661431151,0.06522809122,1.369863014,0.6849315068,19.8630137,0,6.849315068,0,1.369863014
성북구,석관동,"36,018",1.73,"1,792","7,109",815.6521708,9984,1,1,0,24,1,6,0,3,0.04975290133,0.1973735355,0.0226456819,0.5780346821,0,13.87283237,0.5780346821,3.468208092,0,1.734104046
강북구,번1동,"18,826",0.66,"1,065","3,640",456.8627625,9633,1,0,0,29,0,3,1,3,0.0565707001,0.1933496229,0.02426764913,0,0,43.93939394,0,4.545454545,1.515151515,4.545454545
강북구,번2동,"16,020",0.95,"1,713","3,971",157.9059875,3657,0,0,1,11,0,3,0,0,0.106928839,0.2478776529,0.009856803215,0,1.052631579,11.57894737,0,3.157894737,0,0
강북구,번3동,"17,065",1.10,"2,624","4,649",120.9733917,3147,0,0,1,11,0,3,0,1,0.1537650161,0.2724289481,0.007088976953,0,0.9090909091,10,0,2.727272727,0,0.9090909091
강북구,수유1동,"20,869",1.67,"1,430","4,425",260.509475,5349,0,0,0,22,0,4,0,2,0.06852268916,0.2120369927,0.01248308376,0,0,13.17365269,0,2.395209581,0,1.19760479
강북구,수유2동,"21,505",0.57,"1,181","4,890",319.9157583,3797,0,0,1,19,1,6,0,0,0.05491746106,0.2273889793,0.0148763431,0,1.754385965,33.33333333,1.754385965,10.52631579,0,0
강북구,수유3동,"23,489",0.72,"1,412","4,614",653.9147208,9146,0,1,1,36,1,5,0,5,0.0601132445,0.1964323726,0.02783918944,1.388888889,1.388888889,50,1.388888889,6.944444444,0,6.944444444
강북구,삼양동,"23,980",0.91,"1,679","4,901",303.9419458,3509,0,0,1,14,0,3,0,1,0.07001668057,0.2043786489,0.01267481008,0,1.098901099,15.38461538,0,3.296703297,0,1.098901099
강북구,미아동,"22,162",0.93,"1,134","4,468",561.7402928,6824,1,0,0,30,0,3,1,3,0.05116866709,0.2016063532,0.02534700356,0,0,32.25806452,0,3.225806452,1.075268817,3.225806452
강북구,송중동,"30,299",1.01,"1,343","5,962",999.1698083,8611,0,0,1,28,0,2,0,1,0.04432489521,0.1967721707,0.03297698961,0,0.9900990099,27.72277228,0,1.98019802,0,0.9900990099
강북구,송천동,"27,035",0.90,"1,750","6,165",542.211375,7973,1,0,1,22,0,4,0,5,0.06473090438,0.2280377289,0.02005590438,0,1.111111111,24.44444444,0,4.444444444,0,5.555555556
강북구,삼각산동,"31,481",0.62,"1,225","4,433",190.7975292,2247,0,0,0,9,0,9,0,1,0.03891235984,0.1408150948,0.006060720091,0,0,14.51612903,0,14.51612903,0,1.612903226
강북구,우이동,"20,742",10.28,"1,043","4,826",311.0664583,4252,0,0,0,18,0,2,0,1,0.05028444702,0.2326680166,0.01499693657,0,0,1.750972763,0,0.1945525292,0,0.09727626459
강북구,인수동,"30,784",3.28,"1,977","6,970",709.340275,5759,0,0,0,27,0,4,1,1,0.0642216736,0.2264163202,0.02304249854,0,0,8.231707317,0,1.219512195,0.3048780488,0.3048780488
도봉구,쌍문1동,"21,663",1.24,"1,158","4,579",195.5877417,3831,0,0,0,20,0,3,0,1,0.05345520011,0.2113742326,0.009028654466,0,0,16.12903226,0,2.419354839,0,0.8064516129
도봉구,쌍문2동,"18,930",0.54,990,"3,863",264.3060833,5572,0,0,1,14,0,5,0,1,0.05229793978,0.2040676175,0.01396228649,0,1.851851852,25.92592593,0,9.259259259,0,1.851851852
도봉구,쌍문3동,"16,675",0.50,761,"3,426",216.5510792,4182,0,0,1,17,0,2,1,2,0.04563718141,0.2054572714,0.01298657147,0,2,34,0,4,2,4
도봉구,쌍문4동,"18,765",0.52,313,"3,027",83.8274,2093,0,0,0,12,0,6,0,0,0.01667998934,0.1613109512,0.00446722089,0,0,23.07692308,0,11.53846154,0,0
도봉구,방학1동,"29,035",0.69,"1,618","5,810",517.2547417,13653,0,1,1,30,0,5,0,6,0.05572584811,0.2001033236,0.0178148697,1.449275362,1.449275362,43.47826087,0,7.246376812,0,8.695652174
도봉구,방학2동,"19,906",0.74,"2,231","4,319",188.4487417,2909,0,0,0,18,0,2,0,0,0.1120767608,0.2169697579,0.009466931664,0,0,24.32432432,0,2.702702703,0,0
도봉구,방학3동,"27,323",2.62,403,"5,024",175.1235083,3169,0,0,0,12,0,2,0,3,0.01474947846,0.1838743915,0.006409380679,0,0,4.580152672,0,0.7633587786,0,1.145038168
도봉구,창1동,"25,004",0.88,597,"4,560",327.8814625,3958,0,0,0,15,1,4,0,2,0.02387617981,0.1823708207,0.01311316039,0,0,17.04545455,1.136363636,4.545454545,0,2.272727273
도봉구,창2동,"29,442",1.05,"1,106","5,236",319.2895167,4428,0,0,0,19,0,3,0,0,0.03756538279,0.1778411793,0.01084469522,0,0,18.0952381,0,2.857142857,0,0
도봉구,창3동,"14,027",0.67,"1,133","2,913",119.2925625,2170,0,0,0,14,0,1,0,0,0.08077279532,0.2076709204,0.008504495794,0,0,20.89552239,0,1.492537313,0,0
도봉구,창4동,"26,790",0.95,328,"4,247",226.4234875,7530,0,0,0,21,0,9,0,3,0.01224337439,0.158529302,0.008451791247,0,0,22.10526316,0,9.473684211,0,3.157894737
도봉구,창5동,"24,784",0.70,557,"4,326",240.5557917,7359,0,0,1,21,0,7,0,2,0.02247417689,0.1745480955,0.009706092306,0,1.428571429,30,0,10,0,2.857142857
도봉구,도봉1동,"21,250",8.72,"1,451","5,700",323.9141917,5766,1,0,1,23,0,1,0,1,0.06828235294,0.2682352941,0.01524302079,0,0.1146788991,2.637614679,0,0.1146788991,0,0.1146788991
도봉구,도봉2동,"27,117",0.83,947,"6,418",282.8497399,6319,0,0,1,15,0,10,0,3,0.03492274219,0.2366780986,0.01043071652,0,1.204819277,18.07228916,0,12.04819277,0,3.614457831
노원구,월계1동,"22,406",1.16,875,"4,210",951.0015583,6721,0,0,0,33,0,8,0,2,0.03905203963,0.1878960993,0.04244405777,0,0,28.44827586,0,6.896551724,0,1.724137931
노원구,월계2동,"27,006",1.94,"3,072","5,851",172.6665958,3255,0,0,1,18,0,7,0,0,0.1137524994,0.216655558,0.006393638295,0,0.5154639175,9.278350515,0,3.608247423,0,0
노원구,월계3동,"30,241",1.17,"1,981","6,085",282.3492542,4143,0,0,1,10,0,5,0,3,0.06550709302,0.201216891,0.009336637486,0,0.8547008547,8.547008547,0,4.273504274,0,2.564102564
노원구,공릉2동,"39,465",6.82,937,"5,331",989.8098917,11629,0,0,0,38,0,13,1,6,0.0237425567,0.135081718,0.02508070168,0,0,5.571847507,0,1.906158358,0.146627566,0.8797653959
노원구,하계1동,"27,288",1.55,"2,889","4,472",428.3079833,7931,0,0,1,22,0,6,1,3,0.1058707124,0.1638815597,0.01569583639,0,0.6451612903,14.19354839,0,3.870967742,0.6451612903,1.935483871
노원구,하계2동,"22,227",0.51,"1,178","3,233",96.00797935,1220,0,0,0,6,0,3,0,1,0.0529986053,0.1454537274,0.004319430393,0,0,11.76470588,0,5.882352941,0,1.960784314
노원구,중계본동,"24,195",1.97,578,"2,525",90.08770417,5602,0,0,2,17,0,5,0,2,0.02388923331,0.104360405,0.003723401702,0,1.015228426,8.629441624,0,2.538071066,0,1.015228426
노원구,중계1동,"27,084",0.63,747,"2,377",132.7527458,4205,0,0,0,16,0,9,0,3,0.02758085955,0.0877639935,0.004901519192,0,0,25.3968254,0,14.28571429,0,4.761904762
노원구,중계4동,"20,135",1.70,"1,806","4,013",141.2277792,3923,0,0,0,13,0,6,0,3,0.08969456171,0.1993046933,0.007014044162,0,0,7.647058824,0,3.529411765,0,1.764705882
노원구,상계1동,"38,466",5.62,"1,724","6,990",293.2947125,9518,0,0,2,27,0,7,0,2,0.04481880102,0.1817189206,0.007624778051,0,0.3558718861,4.804270463,0,1.245551601,0,0.3558718861
노원구,상계2동,"20,208",0.61,968,"3,356",408.5990583,10536,0,0,0,31,1,7,0,1,0.04790182106,0.1660728424,0.02021966836,0,0,50.81967213,1.639344262,11.47540984,0,1.639344262
노원구,상계5동,"24,223",0.44,"1,798","5,006",155.7575042,4936,0,1,0,18,0,4,0,1,0.07422697436,0.2066630888,0.006430149205,2.272727273,0,40.90909091,0,9.090909091,0,2.272727273
노원구,상계8동,"22,777",0.67,342,"2,884",80.86890833,1697,0,0,0,5,0,3,0,3,0.01501514686,0.1266189577,0.003550463552,0,0,7.462686567,0,4.47761194,0,4.47761194
노원구,상계9동,"20,746",0.81,459,"3,447",132.0940125,2520,0,0,0,10,0,4,0,4,0.02212474694,0.1661525113,0.006367203919,0,0,12.34567901,0,4.938271605,0,4.938271605
노원구,상계10동,"18,784",0.80,400,"2,693",77.15218902,2188,0,0,1,6,0,3,0,0,0.02129471891,0.1433666951,0.004107335446,0,1.25,7.5,0,3.75,0,0
노원구,상계3.4동,"26,479",5.62,"2,463","6,113",157.4600208,3787,0,0,1,21,0,4,0,0,0.0930171079,0.2308621927,0.005946599977,0,0.1779359431,3.736654804,0,0.7117437722,0,0
노원구,상계6.7동,"32,998",1.11,"1,029","5,033",406.8571542,15772,0,0,1,28,1,10,0,10,0.0311837081,0.1525243954,0.01232975193,0,0.9009009009,25.22522523,0.9009009009,9.009009009,0,9.009009009
노원구,중계2.3동,"34,717",0.90,"4,744","7,402",209.4509417,5153,0,0,1,13,0,12,0,2,0.1366477518,0.2132096667,0.006033094498,0,1.111111111,14.44444444,0,13.33333333,0,2.222222222
노원구,공릉1동,"37,593",1.41,"2,331","6,516",762.0790667,11948,1,0,1,43,1,10,0,6,0.06200622456,0.1733301412,0.0202718343,0,0.7092198582,30.4964539,0.7092198582,7.092198582,0,4.255319149
은평구,녹번동,"37,164",1.79,"1,561","6,993",571.9711875,9531,0,1,0,32,0,1,0,3,0.04200301367,0.1881659671,0.01539046355,0.5586592179,0,17.87709497,0,0.5586592179,0,1.675977654
은평구,불광1동,"38,996",3.13,"1,700","7,697",398.5134042,7034,2,1,0,16,0,8,0,4,0.04359421479,0.1973792184,0.01021934055,0.3194888179,0,5.111821086,0,2.555910543,0,1.277955272
은평구,갈현1동,"22,483",0.97,"1,810","4,384",415.8887375,4881,0,1,0,19,0,2,1,2,0.08050527065,0.1949917716,0.0184979201,1.030927835,0,19.58762887,0,2.06185567,1.030927835,2.06185567
은평구,갈현2동,"28,725",0.96,"1,468","4,996",356.7372708,5985,1,0,1,31,0,5,1,1,0.05110530896,0.1739251523,0.01241905207,0,1.041666667,32.29166667,0,5.208333333,1.041666667,1.041666667
은평구,구산동,"32,652",1.38,"1,472","6,202",342.6631113,5509,1,1,0,22,0,3,0,0,0.04508146515,0.1899424231,0.01049439885,0.7246376812,0,15.94202899,0,2.173913043,0,0
은평구,대조동,"27,318",0.85,"1,493","5,124",585.0159125,7864,0,1,1,33,0,4,0,5,0.05465261,0.1875686361,0.0214150345,1.176470588,1.176470588,38.82352941,0,4.705882353,0,5.882352941
은평구,응암1동,"33,128",1.20,"1,083","5,110",444.2390125,7831,0,0,1,26,0,9,0,5,0.03269137889,0.1542501811,0.01340977459,0,0.8333333333,21.66666667,0,7.5,0,4.166666667
은평구,응암2동,"27,577",0.78,"1,016","3,911",241.6859833,2102,0,0,0,5,0,7,0,1,0.03684229612,0.1418210828,0.008764041894,0,0,6.41025641,0,8.974358974,0,1.282051282
은평구,신사1동,"27,377",0.84,"1,001","4,917",264.9124417,4066,0,1,0,18,0,1,0,0,0.03656353874,0.1796033167,0.009676459864,1.19047619,0,21.42857143,0,1.19047619,0,0
은평구,신사2동,"20,532",1.00,"1,161","3,881",209.1991083,3716,0,0,0,12,0,3,0,0,0.0565458796,0.1890220144,0.01018892988,0,0,12,0,3,0,0
은평구,증산동,"15,175",0.81,640,"3,132",226.7027125,3619,2,0,0,15,0,0,0,0,0.04217462932,0.2063920923,0.01493922323,0,0,18.51851852,0,0,0,0
은평구,수색동,"11,445",1.29,523,"2,111",200.6286625,2264,0,1,1,4,0,10,0,2,0.04569681083,0.1844473569,0.01752980887,0.7751937984,0.7751937984,3.100775194,0,7.751937984,0,1.550387597
은평구,진관동,"56,236",11.53,"1,379","8,329",719.9744042,12366,2,1,1,38,0,10,1,6,0.02452165872,0.1481079735,0.01280273142,0.08673026886,0.08673026886,3.295750217,0,0.8673026886,0.08673026886,0.5203816132
은평구,불광2동,"28,046",1.38,"2,112","5,978",369.8084125,3943,0,0,1,30,0,3,0,1,0.07530485631,0.2131498253,0.01318578095,0,0.7246376812,21.73913043,0,2.173913043,0,0.7246376812
은평구,응암3동,"24,999",0.63,"1,813","5,580",542.1792042,5142,1,1,1,34,1,6,0,3,0.07252290092,0.2232089284,0.02168803569,1.587301587,1.587301587,53.96825397,1.587301587,9.523809524,0,4.761904762
은평구,역촌동,"46,108",1.16,"2,206","8,379",567.3389333,7778,1,0,0,42,0,4,0,4,0.0478441919,0.181725514,0.01230456609,0,0,36.20689655,0,3.448275862,0,3.448275862
서대문구,천연동,"17,398",0.97,713,"3,208",607.1127208,3069,0,1,0,10,0,3,0,1,0.04098172204,0.1843890102,0.03489554666,1.030927835,0,10.30927835,0,3.092783505,0,1.030927835
서대문구,홍제1동,"24,054",1.23,671,"4,572",485.9215458,4827,0,1,1,21,0,1,0,2,0.0278955683,0.1900723372,0.0202012782,0.8130081301,0.8130081301,17.07317073,0,0.8130081301,0,1.62601626
서대문구,홍제3동,"15,561",1.05,655,"3,652",349.9189542,3687,1,0,0,13,0,4,0,3,0.04209241051,0.2346892873,0.02248691949,0,0,12.38095238,0,3.80952381,0,2.857142857
서대문구,홍제2동,"13,871",0.81,513,"2,723",256.610675,1699,0,0,0,6,0,3,0,0,0.03698363492,0.1963088458,0.01849979634,0,0,7.407407407,0,3.703703704,0,0
서대문구,홍은1동,"22,956",1.58,718,"4,555",273.5176167,2658,0,1,0,15,0,4,0,0,0.031277226,0.1984230702,0.01191486394,0.6329113924,0,9.493670886,0,2.53164557,0,0
서대문구,홍은2동,"27,386",2.06,"1,098","5,196",987.1546083,5414,0,0,0,29,1,3,1,2,0.04009347842,0.1897319798,0.03604595809,0,0,14.0776699,0.4854368932,1.45631068,0.4854368932,0.9708737864
서대문구,남가좌1동,"15,735",0.51,238,"2,152",290.0338792,2204,1,0,0,9,0,3,0,3,0.01512551636,0.1367651732,0.01843240414,0,0,17.64705882,0,5.882352941,0,5.882352941
서대문구,남가좌2동,"30,696",0.77,"1,168","4,847",1256.768579,5271,1,1,0,26,1,6,0,4,0.03805056033,0.1579033099,0.04094242178,1.298701299,0,33.76623377,1.298701299,7.792207792,0,5.194805195
서대문구,북가좌1동,"18,256",0.55,473,"2,955",264.1385833,3173,0,0,0,11,0,0,0,2,0.0259092901,0.1618645925,0.01446859023,0,0,20,0,0,0,3.636363636
서대문구,북가좌2동,"32,020",0.84,"1,368","6,308",867.2873917,6752,1,2,1,32,0,5,0,3,0.04272329794,0.1970018738,0.02708580236,2.380952381,1.19047619,38.0952381,0,5.952380952,0,3.571428571
서대문구,충현동,"20,869",1.12,612,"3,384",1914.144562,24246,0,0,3,32,0,9,0,8,0.02932579424,0.1621543917,0.09172191106,0,2.678571429,28.57142857,0,8.035714286,0,7.142857143
서대문구,북아현동,"16,401",0.46,561,"2,266",1700.983333,2420,1,0,0,8,0,2,0,2,0.03420523139,0.1381623072,0.103712172,0,0,17.39130435,0,4.347826087,0,4.347826087
서대문구,신촌동,"23,281",2.63,506,"2,127",7096.267354,37647,2,1,3,81,1,57,1,9,0.02173446158,0.09136205489,0.3048093877,0.3802281369,1.140684411,30.79847909,0.3802281369,21.6730038,0.3802281369,3.422053232
서대문구,연희동,"37,931",3.05,811,"6,111",4790.7508,10752,1,1,1,44,0,1,0,7,0.02138092853,0.1611083283,0.1263017268,0.3278688525,0.3278688525,14.42622951,0,0.3278688525,0,2.295081967
마포구,용강동,"22,081",0.84,411,"2,970",1275.411779,18813,0,0,0,29,0,3,0,6,0.01861328744,0.1345047779,0.05776059866,0,0,34.52380952,0,3.571428571,0,7.142857143
마포구,대흥동,"15,847",0.87,425,"2,037",2385.418667,10097,1,0,0,35,0,4,0,4,0.02681895627,0.1285416798,0.1505280916,0,0,40.22988506,0,4.597701149,0,4.597701149
마포구,염리동,"17,459",0.44,344,"2,092",484.9598667,4383,0,0,0,10,0,2,0,1,0.01970330489,0.1198235867,0.02777707009,0,0,22.72727273,0,4.545454545,0,2.272727273
마포구,신수동,"22,901",0.78,371,"3,265",664.6795375,5549,0,0,0,16,0,1,1,1,0.01620016593,0.1425701934,0.02902403989,0,0,20.51282051,0,1.282051282,1.282051282,1.282051282
마포구,서교동,"26,612",1.65,398,"3,369",6267.490583,57173,0,0,1,120,1,10,0,21,0.0149556591,0.1265970239,0.2355136999,0,0.6060606061,72.72727273,0.6060606061,6.060606061,0,12.72727273
마포구,합정동,"17,853",1.72,559,"2,660",1003.364533,11154,1,0,0,28,0,2,0,3,0.03131126421,0.1489945667,0.05620145258,0,0,16.27906977,0,1.162790698,0,1.744186047
마포구,망원1동,"20,575",1.13,675,"3,374",635.5587667,5293,0,0,0,27,0,4,0,2,0.03280680437,0.1639854192,0.030889855,0,0,23.89380531,0,3.539823009,0,1.769911504
마포구,망원2동,"18,853",0.67,529,"3,103",453.9950083,4505,0,1,0,18,1,1,0,1,0.02805919482,0.16458919,0.02408078334,1.492537313,0,26.86567164,1.492537313,1.492537313,0,1.492537313
마포구,연남동,"16,085",0.64,267,"2,426",2036.204925,6911,0,0,0,25,0,0,0,1,0.01659931613,0.1508237488,0.1265902969,0,0,39.0625,0,0,0,1.5625
마포구,성산1동,"19,257",0.80,530,"2,926",757.01415,11155,1,0,2,28,0,2,0,2,0.02752245937,0.1519447474,0.03931111544,0,2.5,35,0,2.5,0,2.5
마포구,성산2동,"39,883",2.07,"2,166","6,231",859.4049292,11682,0,0,1,34,0,10,0,3,0.0543088534,0.1562319785,0.02154815157,0,0.4830917874,16.42512077,0,4.830917874,0,1.449275362
마포구,상암동,"31,390",8.40,964,"3,972",1621.259267,41880,1,2,1,47,0,25,0,11,0.03071041733,0.1265371137,0.05164890943,0.2380952381,0.119047619,5.595238095,0,2.976190476,0,1.30952381
마포구,도화동,"21,525",0.62,489,"3,691",635.5238042,16774,0,2,1,26,0,10,0,7,0.02271777003,0.171475029,0.02952491541,3.225806452,1.612903226,41.93548387,0,16.12903226,0,11.29032258
마포구,서강동,"25,574",1.45,272,"3,196",1791.898275,12774,1,0,1,33,0,5,0,4,0.01063580199,0.1249706733,0.07006718836,0,0.6896551724,22.75862069,0,3.448275862,0,2.75862069
마포구,공덕동,"37,916",1.01,"1,046","5,856",1420.7117,18197,1,2,1,29,0,11,0,9,0.02758729824,0.1544466716,0.03746997837,1.98019802,0.9900990099,28.71287129,0,10.89108911,0,8.910891089
마포구,아현동,"25,714",0.76,458,"3,092",964.6722833,10936,0,3,1,26,0,7,0,8,0.01781130901,0.1202457805,0.03751545008,3.947368421,1.315789474,34.21052632,0,9.210526316,0,10.52631579
양천구,목1동,"31,001",1.41,322,"3,235",1184.474087,21666,1,0,0,34,0,17,0,12,0.01038676172,0.1043514725,0.03820760901,0,0,24.11347518,0,12.05673759,0,8.510638298
양천구,목2동,"30,215",1.03,906,"4,139",559.6222,4523,0,1,0,26,0,4,0,2,0.02998510674,0.1369849413,0.01852133708,0.9708737864,0,25.24271845,0,3.883495146,0,1.941747573
양천구,목3동,"22,122",0.53,997,"3,326",349.3533833,4740,1,0,1,18,0,2,0,5,0.04506825784,0.1503480698,0.01579212473,0,1.886792453,33.96226415,0,3.773584906,0,9.433962264
양천구,목4동,"25,669",0.57,935,"3,287",398.6960458,3945,0,0,0,20,0,2,0,3,0.03642526004,0.1280532939,0.01553220016,0,0,35.0877193,0,3.50877193,0,5.263157895
양천구,신월1동,"20,817",0.65,"1,730","4,220",490.8187917,5183,0,0,0,14,0,4,0,3,0.08310515444,0.2027189316,0.02357778699,0,0,21.53846154,0,6.153846154,0,4.615384615
양천구,신월2동,"20,931",0.61,725,"3,870",338.5138583,3943,0,0,1,12,0,2,0,1,0.03463761884,0.1848932206,0.01617284689,0,1.639344262,19.67213115,0,3.278688525,0,1.639344262
양천구,신월3동,"15,479",0.87,"1,433","3,000",425.2294167,4019,0,0,1,12,0,1,0,1,0.09257703986,0.1938109697,0.0274713752,0,1.149425287,13.79310345,0,1.149425287,0,1.149425287
양천구,신월4동,"18,171",0.52,375,"3,277",230.1873583,4255,2,0,0,17,0,1,0,1,0.02063727918,0.1803423037,0.01266784207,0,0,32.69230769,0,1.923076923,0,1.923076923
양천구,신월5동,"14,843",0.69,710,"2,439",164.7112625,4849,0,0,0,20,0,7,1,0,0.04783399582,0.1643198814,0.01109689837,0,0,28.98550725,0,10.14492754,1.449275362,0
양천구,신월6동,"13,836",0.41,209,"1,813",131.2821583,3129,0,1,0,9,0,1,0,2,0.01510552183,0.1310349812,0.009488447405,2.43902439,0,21.95121951,0,2.43902439,0,4.87804878
양천구,신월7동,"20,100",1.19,"1,047","4,380",301.1861958,5406,0,0,0,15,0,4,0,1,0.05208955224,0.2179104478,0.01498438785,0,0,12.60504202,0,3.361344538,0,0.8403361345
양천구,신정1동,"20,569",0.70,260,"2,696",408.2582958,5322,0,0,2,12,0,3,0,3,0.01264038116,0.1310710292,0.01984823257,0,2.857142857,17.14285714,0,4.285714286,0,4.285714286
양천구,신정2동,"19,665",0.52,627,"2,580",261.1565375,3806,0,1,0,10,1,0,0,1,0.03188405797,0.1311975591,0.01328027142,1.923076923,0,19.23076923,1.923076923,0,0,1.923076923
양천구,신정3동,"49,946",2.72,"2,047","7,420",1050.071404,9284,1,0,1,27,0,15,0,1,0.040984263,0.1485604453,0.02102413414,0,0.3676470588,9.926470588,0,5.514705882,0,0.3676470588
양천구,신정6동,"24,659",0.96,62,"2,765",350.0721958,6916,0,0,0,13,0,5,0,5,0.002514294984,0.1121294456,0.01419652848,0,0,13.54166667,0,5.208333333,0,5.208333333
양천구,신정7동,"29,373",1.21,"1,723","4,970",487.463625,4457,0,1,0,9,0,5,0,2,0.05865931297,0.1692030096,0.0165956363,0.826446281,0,7.438016529,0,4.132231405,0,1.652892562
양천구,목5동,"41,379",1.81,54,"4,608",704.1860417,10700,1,0,1,20,0,5,1,9,0.001305009788,0.1113608352,0.01701795698,0,0.5524861878,11.04972376,0,2.762430939,0.5524861878,4.972375691
양천구,신정4동,"33,480",1.01,"1,626","5,855",1170.937392,15439,2,0,0,39,0,10,1,7,0.04856630824,0.1748805257,0.03497423513,0,0,38.61386139,0,9.900990099,0.9900990099,6.930693069
강서구,염창동,"41,940",1.74,200,"4,360",1385.159158,17152,0,1,1,32,1,11,0,3,0.004768717215,0.1039580353,0.03302716161,0.5747126437,0.5747126437,18.3908046,0.5747126437,6.32183908,0,1.724137931
강서구,등촌1동,"24,460",0.64,268,"2,892",590.0344917,15763,1,0,0,40,0,10,0,5,0.01095666394,0.1182338512,0.02412242403,0,0,62.5,0,15.625,0,7.8125
강서구,등촌2동,"20,507",0.92,412,"3,151",259.1366875,3541,0,1,0,11,0,4,0,0,0.02009070074,0.1536548496,0.01263649912,1.086956522,0,11.95652174,0,4.347826087,0,0
강서구,등촌3동,"30,947",0.79,"5,485","6,703",811.0853958,19252,0,0,2,26,0,10,1,3,0.1772385045,0.2165961159,0.02620885371,0,2.53164557,32.91139241,0,12.65822785,1.265822785,3.797468354
강서구,화곡본동,"34,722",0.98,"1,665","4,819",640.3701875,4179,1,1,1,28,0,1,0,0,0.04795230689,0.1387880882,0.01844277943,1.020408163,1.020408163,28.57142857,0,1.020408163,0,0
강서구,화곡2동,"18,199",0.45,874,"2,871",310.9798167,2732,0,0,0,12,0,1,0,0,0.04802461674,0.1577559207,0.017087742,0,0,26.66666667,0,2.222222222,0,0
강서구,화곡3동,"21,631",0.53,609,"4,053",512.9913583,4170,0,0,0,16,0,7,0,4,0.02815403819,0.1873699783,0.0237155637,0,0,30.18867925,0,13.20754717,0,7.547169811
강서구,화곡4동,"20,935",0.82,"1,003","3,786",450.8907917,3988,0,0,1,16,0,4,0,2,0.04791019823,0.1808454741,0.02153765425,0,1.219512195,19.51219512,0,4.87804878,0,2.43902439
강서구,화곡6동,"24,998",1.11,891,"3,898",553.39145,10847,0,0,0,33,0,5,0,5,0.03564285143,0.1559324746,0.02213742899,0,0,29.72972973,0,4.504504505,0,4.504504505
강서구,화곡8동,"24,934",0.53,"1,005","4,417",813.0654958,4167,0,0,0,16,0,5,0,3,0.04030640892,0.1771476698,0.03260870682,0,0,30.18867925,0,9.433962264,0,5.660377358
강서구,가양1동,"34,331",4.70,279,"3,050",1354.774829,56353,1,1,0,88,0,16,0,12,0.008126765897,0.08884098919,0.03946214293,0.2127659574,0,18.72340426,0,3.404255319,0,2.553191489
강서구,가양2동,"14,214",1.00,"3,140","4,075",250.0186917,3383,0,0,1,7,0,7,0,3,0.220908963,0.2866891797,0.01758960825,0,1,7,0,7,0,3
강서구,가양3동,"15,267",0.50,"2,214","3,680",287.858775,7374,0,0,0,8,0,9,0,0,0.1450186677,0.241042772,0.01885496659,0,0,16,0,18,0,0
강서구,발산1동,"36,426",2.94,"1,316","4,742",473.7643875,19865,2,0,1,41,0,11,1,9,0.03612804041,0.1301817383,0.013006215,0,0.3401360544,13.94557823,0,3.741496599,0.3401360544,3.06122449
강서구,공항동,"31,526",10.87,"1,073","4,246",1052.032525,36149,0,0,1,49,0,15,1,6,0.03403539935,0.1346824843,0.03337031419,0,0.09199632015,4.507819687,0,1.379944802,0.09199632015,0.5519779209
강서구,방화1동,"43,402",1.48,"1,078","6,621",682.1596125,11003,2,0,0,33,0,4,0,2,0.02483756509,0.1525505737,0.01571723912,0,0,22.2972973,0,2.702702703,0,1.351351351
강서구,방화2동,"23,602",6.41,"1,451","4,779",987.949825,14018,0,0,0,29,0,8,0,1,0.06147784086,0.2024828404,0.04185873337,0,0,4.524180967,0,1.248049922,0,0.1560062402
강서구,방화3동,"23,031",2.55,"2,032","5,220",376.4493,4698,1,0,1,21,0,5,0,1,0.08822890886,0.2266510356,0.01634533021,0,0.3921568627,8.235294118,0,1.960784314,0,0.3921568627
강서구,화곡1동,"52,945",1.12,"1,794","8,372",1699.099287,10879,0,0,0,58,0,4,0,1,0.03388421947,0.1581263575,0.0320917799,0,0,51.78571429,0,3.571428571,0,0.8928571429
강서구,우장산동,"43,248",1.36,557,"5,770",588.0028,7981,0,1,0,24,0,6,0,4,0.01287920829,0.1334165742,0.01359606918,0.7352941176,0,17.64705882,0,4.411764706,0,2.941176471
구로구,신도림동,"36,005",1.47,180,"4,706",940.7401292,15121,1,1,1,32,0,6,0,3,0.004999305652,0.1307040689,0.02612804136,0.6802721088,0.6802721088,21.76870748,0,4.081632653,0,2.040816327
구로구,구로1동,"21,216",1.02,89,"2,617",472.7485083,3603,0,0,1,12,0,4,0,1,0.00419494721,0.1233503017,0.02228264085,0,0.9803921569,11.76470588,0,3.921568627,0,0.9803921569
구로구,구로3동,"25,192",1.02,394,"3,513",5897.231925,92379,1,1,1,68,0,35,0,17,0.01563988568,0.1394490314,0.2340914546,0.9803921569,0.9803921569,66.66666667,0,34.31372549,0,16.66666667
구로구,구로4동,"23,991",0.46,844,"4,635",6666.839125,6044,1,1,2,20,0,7,0,3,0.03517985911,0.193197449,0.277889172,2.173913043,4.347826087,43.47826087,0,15.2173913,0,6.52173913
구로구,구로5동,"31,887",1.03,409,"4,781",4200.718463,26529,1,1,0,33,0,12,0,3,0.01282654373,0.1499357105,0.1317376505,0.9708737864,0,32.03883495,0,11.65048544,0,2.912621359
구로구,고척1동,"22,839",1.16,606,"4,378",777.4769833,10116,0,1,1,16,0,10,1,4,0.02653356101,0.1916896537,0.03404163857,0.8620689655,0.8620689655,13.79310345,0,8.620689655,0.8620689655,3.448275862
구로구,고척2동,"27,247",1.02,"1,038","5,188",628.0673792,4177,1,2,0,29,0,9,0,2,0.03809593717,0.1904062833,0.0230508819,1.960784314,0,28.43137255,0,8.823529412,0,1.960784314
구로구,개봉2동,"31,467",0.80,721,"6,463",728.518925,3361,1,0,0,16,0,9,0,3,0.02291289287,0.2053897734,0.02315183923,0,0,20,0,11.25,0,3.75
구로구,개봉3동,"20,648",0.81,622,"4,262",612.8733667,7391,0,0,0,9,0,7,0,2,0.03012398295,0.2064122433,0.02968197243,0,0,11.11111111,0,8.641975309,0,2.469135802
구로구,오류1동,"23,374",0.59,973,"3,994",1924.472971,4795,1,1,1,25,0,5,0,4,0.0416274493,0.1708736203,0.08233391679,1.694915254,1.694915254,42.37288136,0,8.474576271,0,6.779661017
구로구,수궁동,"23,940",2.67,778,"4,399",1008.628004,6199,0,0,0,23,0,4,0,1,0.03249791145,0.1837510443,0.04213149557,0,0,8.61423221,0,1.498127341,0,0.3745318352
구로구,가리봉동,"13,161",0.40,657,"2,087",5469.779988,3179,1,1,0,14,1,1,0,0,0.04992021883,0.1585745764,0.4156051963,2.5,0,35,2.5,2.5,0,0
구로구,구로2동,"31,369",1.76,"1,022","5,911",9120.439408,28133,0,2,0,30,0,11,1,11,0.03257993561,0.1884344416,0.2907468969,1.136363636,0,17.04545455,0,6.25,0.5681818182,6.25
구로구,개봉1동,"34,694",1.31,"1,482","6,394",1715.415167,5484,0,0,0,22,0,14,0,3,0.04271631982,0.1842969966,0.04944414501,0,0,16.79389313,0,10.6870229,0,2.290076336
구로구,오류2동,"38,892",3.20,"1,491","7,024",2519.241371,9157,1,1,0,34,0,5,0,1,0.03833693305,0.1806026946,0.06477531037,0.3125,0,10.625,0,1.5625,0,0.3125
금천구,가산동,"25,956",2.52,528,"2,664",5132.335967,170886,0,1,2,128,0,63,0,26,0.02034211743,0.1026352288,0.1977321608,0.3968253968,0.7936507937,50.79365079,0,25,0,10.31746032
금천구,독산1동,"46,113",2.09,667,"5,866",2688.448175,25241,0,1,0,47,0,10,0,6,0.01446446772,0.1272092469,0.05830130712,0.4784688995,0,22.48803828,0,4.784688995,0,2.870813397
금천구,독산2동,"20,275",0.60,"1,701","3,511",2139.324671,3514,0,1,0,17,0,3,0,1,0.08389642417,0.1731689273,0.1055153968,1.666666667,0,28.33333333,0,5,0,1.666666667
금천구,독산3동,"27,713",0.92,"1,201","4,615",3378.128954,6500,1,1,0,22,0,5,0,3,0.04333706203,0.1665283441,0.1218969059,1.086956522,0,23.91304348,0,5.434782609,0,3.260869565
금천구,독산4동,"16,876",0.59,989,"2,921",2053.081796,3130,1,0,1,13,0,3,0,2,0.05860393458,0.1730860393,0.1216568971,0,1.694915254,22.03389831,0,5.084745763,0,3.389830508
금천구,시흥1동,"34,625",1.71,806,"6,224",2244.070812,15728,1,1,2,39,0,11,1,7,0.02327797834,0.1797545126,0.06481070937,0.5847953216,1.169590643,22.80701754,0,6.432748538,0.5847953216,4.093567251
금천구,시흥2동,"21,444",1.26,"1,467","4,049",202.8748958,2009,0,1,0,4,0,10,0,0,0.06841074426,0.1888173848,0.009460683445,0.7936507937,0,3.174603175,0,7.936507937,0,0
금천구,시흥3동,"11,000",1.07,"1,250","2,350",300.6761542,10083,0,0,0,10,0,5,0,3,0.1136363636,0.2136363636,0.02733419584,0,0,9.345794393,0,4.672897196,0,2.803738318
금천구,시흥4동,"21,024",0.87,364,"4,132",703.076825,2034,0,0,0,12,0,1,0,1,0.01731354642,0.1965372907,0.0334416298,0,0,13.79310345,0,1.149425287,0,1.149425287
금천구,시흥5동,"19,861",1.39,"1,241","4,359",552.8372833,3561,0,0,0,18,0,2,0,0,0.06248426565,0.2194753537,0.02783531964,0,0,12.94964029,0,1.438848921,0,0
영등포구,여의동,"33,534",8.40,"1,619","6,175",2779.870237,160633,4,3,5,111,1,60,1,60,0.04827935826,0.1841414684,0.08289706677,0.3571428571,0.5952380952,13.21428571,0.119047619,7.142857143,0.119047619,7.142857143
영등포구,당산1동,"20,685",0.75,140,"3,392",938.7203542,19234,1,1,1,38,0,10,1,5,0.006768189509,0.163983563,0.04538169467,1.333333333,1.333333333,50.66666667,0,13.33333333,1.333333333,6.666666667
영등포구,당산2동,"37,853",1.55,510,"4,666",1253.636292,22947,0,0,0,44,0,7,0,4,0.01347317254,0.1232663197,0.03311854521,0,0,28.38709677,0,4.516129032,0,2.580645161
영등포구,양평1동,"18,393",0.88,250,"2,388",672.6376333,24084,0,0,0,24,0,11,1,3,0.01359212744,0.1298320013,0.03657030573,0,0,27.27272727,0,12.5,1.136363636,3.409090909
영등포구,양평2동,"22,564",3.00,286,"2,509",1076.692863,19921,0,0,1,37,0,10,0,5,0.01267505761,0.1111948236,0.04771728696,0,0.3333333333,12.33333333,0,3.333333333,0,1.666666667
영등포구,신길1동,"18,712",0.66,244,"3,324",2051.518717,5280,1,1,0,17,0,5,1,2,0.01303976058,0.1776400171,0.1096365283,1.515151515,0,25.75757576,0,7.575757576,1.515151515,3.03030303
영등포구,신길3동,"17,649",0.52,796,"3,126",1829.744146,2905,2,1,0,11,0,3,0,4,0.04510170548,0.1771205167,0.1036740975,1.923076923,0,21.15384615,0,5.769230769,0,7.692307692
영등포구,신길4동,"13,068",0.38,802,"2,311",1273.342792,1461,0,0,0,7,0,1,0,1,0.06137128864,0.1768441996,0.09743976064,0,0,18.42105263,0,2.631578947,0,2.631578947
영등포구,신길5동,"11,822",0.47,682,"2,037",962.164275,2563,0,0,1,9,0,2,0,0,0.05768905431,0.1723058704,0.08138760574,0,2.127659574,19.14893617,0,4.255319149,0,0
영등포구,신길6동,"19,986",0.65,538,"3,277",1666.124383,4904,1,1,0,16,0,3,0,1,0.02691884319,0.1639647753,0.08336457435,1.538461538,0,24.61538462,0,4.615384615,0,1.538461538
영등포구,신길7동,"20,145",0.64,460,"2,546",495.4548542,2932,1,0,1,19,0,3,0,1,0.02283445024,0.126383718,0.02459443307,0,1.5625,29.6875,0,4.6875,0,1.5625
영등포구,대림1동,"17,134",0.49,219,"3,154",4538.414679,4517,1,1,0,15,1,5,2,4,0.01278160383,0.1840784405,0.2648777098,2.040816327,0,30.6122449,2.040816327,10.20408163,4.081632653,8.163265306
영등포구,대림2동,"18,370",0.55,535,"3,082",12158.5301,4520,0,0,1,21,0,5,1,2,0.02912357104,0.1677735438,0.6618688133,0,1.818181818,38.18181818,0,9.090909091,1.818181818,3.636363636
영등포구,대림3동,"26,028",0.95,489,"4,518",9187.047087,10193,2,0,0,28,0,5,0,6,0.01878745966,0.173582296,0.3529678457,0,0,29.47368421,0,5.263157895,0,6.315789474
영등포구,영등포본동,"23,088",1.02,876,"4,157",3077.886504,5361,1,2,0,21,0,4,0,0,0.03794178794,0.1800502426,0.1333110925,1.960784314,0,20.58823529,0,3.921568627,0,0
영등포구,영등포동,"29,873",1.26,917,"3,430",2420.793137,34391,1,2,1,66,0,18,2,16,0.03069661567,0.1148194021,0.08103615763,1.587301587,0.7936507937,52.38095238,0,14.28571429,1.587301587,12.6984127
영등포구,도림동,"19,920",0.89,"1,639","3,333",2855.904033,2975,1,1,0,12,0,2,0,0,0.08227911647,0.1673192771,0.1433686764,1.123595506,0,13.48314607,0,2.247191011,0,0
영등포구,문래동,"32,990",1.49,694,"4,683",1297.917146,44657,0,1,1,44,0,19,0,8,0.02103667778,0.1419521067,0.03934274465,0.6711409396,0.6711409396,29.53020134,0,12.75167785,0,5.369127517
동작구,노량진2동,"12,561",0.64,270,"2,521",1025.873962,7779,1,2,0,19,0,2,0,3,0.02149510389,0.2007005812,0.08167136072,3.125,0,29.6875,0,3.125,0,4.6875
동작구,상도1동,"45,757",1.51,988,"7,024",2075.921258,8821,0,1,0,47,0,5,0,4,0.02159232467,0.1535065673,0.04536838643,0.6622516556,0,31.12582781,0,3.311258278,0,2.649006623
동작구,상도2동,"28,931",0.98,"1,190","4,411",528.4525708,5299,1,0,1,19,0,7,0,3,0.04113234938,0.1524662127,0.01826596284,0,1.020408163,19.3877551,0,7.142857143,0,3.06122449
동작구,상도3동,"24,943",0.60,568,"4,432",514.1043625,3477,1,1,0,14,0,0,0,2,0.02277191998,0.1776851221,0.02061116796,1.666666667,0,23.33333333,0,0,0,3.333333333
동작구,상도4동,"29,059",0.75,983,"5,069",461.7580333,3105,0,1,0,14,0,5,0,1,0.03382772979,0.1744382119,0.01589036214,1.333333333,0,18.66666667,0,6.666666667,0,1.333333333
동작구,사당1동,"23,462",0.79,"1,256","3,806",912.862375,9815,1,1,1,29,0,7,0,6,0.05353337311,0.1622197596,0.03890812271,1.265822785,1.265822785,36.70886076,0,8.860759494,0,7.594936709
동작구,사당3동,"24,726",0.92,732,"4,406",325.08425,4032,0,0,0,14,0,1,0,1,0.02960446494,0.1781929952,0.01314746623,0,0,15.2173913,0,1.086956522,0,1.086956522
동작구,사당4동,"14,377",0.38,518,"2,664",320.8355333,1953,0,1,0,8,0,2,0,1,0.03602976977,0.1852959588,0.0223158888,2.631578947,0,21.05263158,0,5.263157895,0,2.631578947
동작구,사당5동,"14,591",0.57,542,"2,307",209.9182458,1646,0,0,0,11,0,0,0,0,0.03714618601,0.1581111644,0.01438683064,0,0,19.29824561,0,0,0,0
동작구,대방동,"38,605",1.55,370,"5,799",1245.159021,11691,0,1,0,35,0,9,0,5,0.009584250745,0.1502137029,0.03225382777,0.6451612903,0,22.58064516,0,5.806451613,0,3.225806452
동작구,신대방1동,"25,089",0.62,"1,463","3,885",2170.333392,4210,0,1,0,12,0,6,0,1,0.05831240783,0.1548487385,0.08650537654,1.612903226,0,19.35483871,0,9.677419355,0,1.612903226
동작구,신대방2동,"20,074",1.03,549,"3,077",791.5963083,19081,0,0,1,30,0,7,1,7,0.02734880941,0.1532828534,0.03943390995,0,0.9708737864,29.12621359,0,6.796116505,0.9708737864,6.796116505
동작구,흑석동,"33,466",1.68,533,"5,694",3813.234875,10324,0,2,1,27,0,7,1,6,0.01592661208,0.1701428315,0.1139435509,1.19047619,0.5952380952,16.07142857,0,4.166666667,0.5952380952,3.571428571
동작구,노량진1동,"32,411",1.58,783,"5,800",710.4157625,8214,0,1,1,42,1,7,0,3,0.02415846472,0.1789515905,0.0219189708,0.6329113924,0.6329113924,26.58227848,0.6329113924,4.430379747,0,1.898734177
동작구,사당2동,"28,070",2.75,"1,028","5,411",946.9742458,6712,0,1,0,28,0,6,0,2,0.03662272889,0.1927680798,0.03373616836,0.3636363636,0,10.18181818,0,2.181818182,0,0.7272727273
관악구,보라매동,"24,974",0.76,505,"4,449",675.6437875,6557,0,1,0,19,0,2,0,1,0.02022102987,0.1781452711,0.02705388754,1.315789474,0,25,0,2.631578947,0,1.315789474
관악구,청림동,"15,328",0.30,"1,038","2,725",171.4653417,1385,0,1,0,7,0,2,0,1,0.06771920668,0.1777792276,0.01118641321,3.333333333,0,23.33333333,0,6.666666667,0,3.333333333
관악구,행운동,"29,492",0.72,584,"4,344",913.2292958,6845,2,0,1,30,0,4,1,3,0.0198019802,0.1472941815,0.03096532266,0,1.388888889,41.66666667,0,5.555555556,1.388888889,4.166666667
관악구,낙성대동,"17,516",2.27,974,"1,987",1823.451437,7867,0,0,1,28,0,5,0,3,0.05560630281,0.1134391414,0.104102046,0,0.4405286344,12.33480176,0,2.202643172,0,1.321585903
관악구,중앙동,"15,606",0.39,432,"2,350",848.8362958,5516,1,0,0,20,0,5,0,3,0.0276816609,0.1505831091,0.05439166319,0,0,51.28205128,0,12.82051282,0,7.692307692
관악구,인헌동,"26,223",1.08,523,"4,021",758.0515375,3578,0,1,0,20,0,3,0,5,0.01994432369,0.1533386722,0.02890788764,0.9259259259,0,18.51851852,0,2.777777778,0,4.62962963
관악구,남현동,"18,390",3.27,676,"2,762",753.1311167,4957,0,0,0,18,0,2,0,1,0.03675910821,0.1501903208,0.04095329618,0,0,5.504587156,0,0.6116207951,0,0.3058103976
관악구,서원동,"23,317",0.65,287,"3,320",1143.583329,7459,1,0,0,29,0,6,1,1,0.01230861603,0.1423853841,0.04904504563,0,0,44.61538462,0,9.230769231,1.538461538,1.538461538
관악구,신원동,"18,838",0.55,790,"3,246",1384.865271,2356,0,0,0,10,0,2,0,1,0.04193651131,0.1723112857,0.07351445329,0,0,18.18181818,0,3.636363636,0,1.818181818
관악구,서림동,"23,741",0.99,"1,024","3,493",2991.574829,3245,0,0,0,23,0,1,0,0,0.04313213428,0.1471294385,0.1260087961,0,0,23.23232323,0,1.01010101,0,0
관악구,신사동,"24,921",0.64,"1,061","3,576",855.6489083,4356,0,0,0,27,0,4,0,1,0.04257453553,0.1434934393,0.0343344532,0,0,42.1875,0,6.25,0,1.5625
관악구,신림동,"22,894",0.54,"1,083","1,951",1653.286067,6638,0,6,1,36,0,1,0,3,0.04730497073,0.08521883463,0.07221481904,11.11111111,1.851851852,66.66666667,0,1.851851852,0,5.555555556
관악구,난향동,"15,491",0.80,691,"2,717",303.7689958,1886,0,0,0,3,0,2,0,0,0.04460654574,0.1753921632,0.01960938582,0,0,3.75,0,2.5,0,0
관악구,조원동,"18,724",0.67,599,"2,871",3383.100775,7116,1,0,0,23,0,6,1,1,0.03199102756,0.1533326212,0.1806825879,0,0,34.32835821,0,8.955223881,1.492537313,1.492537313
관악구,대학동,"24,913",8.30,653,"3,002",1558.7028,15017,0,0,1,36,0,28,0,6,0.02621121503,0.1204993377,0.06256584113,0,0.1204819277,4.337349398,0,3.373493976,0,0.7228915663
관악구,은천동,"33,814",0.78,"1,077","5,881",1140.55325,6658,0,1,1,24,0,5,0,0,0.03185071272,0.1739220441,0.0337302079,1.282051282,1.282051282,30.76923077,0,6.41025641,0,0
관악구,성현동,"29,606",0.68,"1,547","5,349",386.9987292,2951,0,1,1,10,0,6,0,0,0.05225292171,0.1806728366,0.01307163174,1.470588235,1.470588235,14.70588235,0,8.823529412,0,0
관악구,청룡동,"36,458",1.18,"1,511","4,488",2353.470633,10350,0,1,0,45,0,7,0,6,0.04144495035,0.1231005541,0.06455292756,0.8474576271,0,38.13559322,0,5.93220339,0,5.084745763
관악구,난곡동,"27,412",0.96,970,"5,411",536.2430792,2452,0,0,0,22,0,1,0,1,0.03538596235,0.1973953013,0.01956234785,0,0,22.91666667,0,1.041666667,0,1.041666667
관악구,삼성동,"22,656",2.66,"1,822","5,658",337.5098542,2618,0,0,0,10,1,4,0,0,0.08042019774,0.2497351695,0.01489715105,0,0,3.759398496,0.3759398496,1.503759398,0,0
관악구,미성동,"31,258",1.38,"1,553","5,843",695.6411583,5522,0,0,1,22,0,5,0,3,0.04968328108,0.1869281464,0.02225481983,0,0.7246376812,15.94202899,0,3.623188406,0,2.173913043
서초구,서초1동,"20,806",1.42,"1,225","2,975",696.7603,32022,0,1,1,37,0,11,0,9,0.05887724695,0.1429875997,0.03348843122,0.7042253521,0.7042253521,26.05633803,0,7.746478873,0,6.338028169
서초구,서초2동,"25,919",1.24,322,"3,145",1464.838092,53003,0,0,0,46,0,16,0,22,0.0124233188,0.1213395579,0.05651599568,0,0,37.09677419,0,12.90322581,0,17.74193548
서초구,서초3동,"32,804",2.93,110,"4,758",1642.898238,81064,1,0,2,77,0,35,0,28,0.003353249604,0.1450432874,0.05008225332,0,0.6825938567,26.27986348,0,11.94539249,0,9.556313993
서초구,서초4동,"31,112",0.88,355,"4,236",2104.259267,28529,0,1,0,35,1,9,0,13,0.01141038827,0.1361532528,0.06763497258,1.136363636,0,39.77272727,1.136363636,10.22727273,0,14.77272727
서초구,잠원동,"26,995",1.76,54,"3,261",853.1368708,18054,0,1,0,25,0,6,0,7,0.002000370439,0.1208001482,0.03160351438,0.5681818182,0,14.20454545,0,3.409090909,0,3.977272727
서초구,반포본동,"5,761",1.01,247,857,149.0566167,2326,0,1,1,7,0,1,0,3,0.04287450095,0.148758896,0.02587339294,0.9900990099,0.9900990099,6.930693069,0,0.9900990099,0,2.97029703
서초구,반포1동,"34,559",1.00,40,"3,952",1192.754996,10255,0,0,0,25,0,4,0,6,0.001157440898,0.1143551607,0.03451358535,0,0,25,0,4,0,6
서초구,반포2동,"15,847",1.35,373,"1,952",477.3402583,2142,0,0,1,7,1,3,0,5,0.02353757809,0.1231778886,0.03012180591,0,0.7407407407,5.185185185,0.7407407407,2.222222222,0,3.703703704
서초구,반포3동,"22,229",1.28,5,"3,043",537.849575,7502,1,0,0,11,0,7,0,7,0.0002249313959,0.1368932476,0.02419585114,0,0,8.59375,0,5.46875,0,5.46875
서초구,반포4동,"19,735",1.43,33,"2,867",1805.903971,29877,2,0,0,43,0,15,1,13,0.001672156068,0.1452748923,0.09150767525,0,0,30.06993007,0,10.48951049,0.6993006993,9.090909091
서초구,방배본동,"21,032",0.67,92,"3,076",553.3201,10497,0,0,1,20,0,4,0,6,0.004374286801,0.1462533283,0.02630848707,0,1.492537313,29.85074627,0,5.970149254,0,8.955223881
서초구,방배1동,"17,078",0.70,320,"2,894",404.9721083,16332,0,0,0,20,0,4,0,4,0.01873755709,0.1694577819,0.0237130875,0,0,28.57142857,0,5.714285714,0,5.714285714
서초구,방배2동,"19,775",1.93,290,"3,516",537.1782458,17806,0,0,0,25,0,3,0,1,0.01466498104,0.1778002528,0.02716451306,0,0,12.95336788,0,1.554404145,0,0.518134715
서초구,방배3동,"18,957",2.40,418,"3,367",399.0462,13826,0,0,0,17,0,4,0,3,0.02204990241,0.1776124914,0.02105007121,0,0,7.083333333,0,1.666666667,0,1.25
서초구,방배4동,"23,753",0.98,258,"3,514",785.8696667,14635,0,0,0,22,0,5,0,9,0.01086178588,0.1479392077,0.03308506996,0,0,22.44897959,0,5.102040816,0,9.183673469
서초구,양재1동,"43,631",5.76,264,"6,896",1387.058125,44006,0,0,2,46,0,18,0,11,0.006050743737,0.1580527607,0.0317906563,0,0.3472222222,7.986111111,0,3.125,0,1.909722222
서초구,양재2동,"22,272",7.58,"2,135","2,925",1452.258317,48262,1,0,1,45,0,14,0,16,0.09586027299,0.131330819,0.0652055638,0,0.1319261214,5.936675462,0,1.846965699,0,2.110817942
서초구,내곡동,"17,780",12.68,604,"3,259",486.8582042,8847,0,0,0,11,0,2,0,0,0.03397075366,0.183295838,0.02738235119,0,0,0.8675078864,0,0.1577287066,0,0
강남구,신사동,"16,307",1.89,725,"3,006",1510.5312,26210,0,0,0,42,0,14,0,15,0.0444594346,0.1843380143,0.09263084565,0,0,22.22222222,0,7.407407407,0,7.936507937
강남구,논현1동,"23,065",1.25,200,"2,947",1866.055517,41829,0,0,0,76,0,13,0,15,0.008671146759,0.1277693475,0.08090420624,0,0,60.8,0,10.4,0,12
강남구,논현2동,"21,519",1.47,751,"3,169",1169.609821,62264,1,1,1,69,2,12,0,16,0.03489939124,0.1472652075,0.05435242442,0.6802721088,0.6802721088,46.93877551,1.360544218,8.163265306,0,10.88435374
강남구,삼성1동,"13,265",1.94,462,"2,141",1881.982562,63573,2,2,1,57,0,26,0,25,0.03482849604,0.1614021862,0.1418758057,1.030927835,0.5154639175,29.3814433,0,13.40206186,0,12.88659794
강남구,삼성2동,"29,817",1.24,143,"3,465",944.3874875,37531,1,0,2,51,0,4,0,10,0.00479592179,0.1162088741,0.03167278692,0,1.612903226,41.12903226,0,3.225806452,0,8.064516129
강남구,대치1동,"24,283",0.79,463,"2,472",379.1421708,6451,0,0,0,21,0,3,0,9,0.01906683688,0.1017996129,0.01561348148,0,0,26.58227848,0,3.797468354,0,11.39240506
강남구,대치4동,"20,275",0.73,19,"2,083",835.3200708,31920,0,2,0,59,0,4,0,13,0.0009371146732,0.1027373613,0.04119951027,2.739726027,0,80.82191781,0,5.479452055,0,17.80821918
강남구,역삼1동,"36,560",2.35,544,"3,668",3693.350946,155883,0,0,3,189,0,34,1,50,0.01487964989,0.1003282276,0.1010216342,0,1.276595745,80.42553191,0,14.46808511,0.4255319149,21.27659574
강남구,역삼2동,"36,379",1.15,874,"3,658",998.8793833,38437,0,0,1,54,1,15,0,12,0.0240248495,0.1005525166,0.02745758221,0,0.8695652174,46.95652174,0.8695652174,13.04347826,0,10.43478261
강남구,도곡1동,"21,673",1.02,520,"2,945",1192.232617,17066,1,0,0,27,0,7,0,9,0.02399298667,0.1358833572,0.05501004093,0,0,26.47058824,0,6.862745098,0,8.823529412
강남구,도곡2동,"33,417",1.02,145,"4,861",813.1063167,19895,0,0,0,26,0,9,0,22,0.004339108837,0.1454648831,0.02433211589,0,0,25.49019608,0,8.823529412,0,21.56862745
강남구,개포1동,"6,432",1.27,71,"1,601",252.1210208,875,0,0,0,2,0,0,0,1,0.01103855721,0.2489116915,0.0391979199,0,0,1.57480315,0,0,0,0.7874015748
강남구,개포4동,"23,893",1.49,152,"3,204",421.4563667,10524,1,0,0,29,0,4,0,4,0.006361695894,0.1340978529,0.01763932393,0,0,19.46308725,0,2.684563758,0,2.684563758
강남구,일원본동,"23,434",2.58,660,"3,032",310.279175,9755,0,0,1,13,0,11,1,6,0.02816420585,0.1293846548,0.01324055539,0,0.3875968992,5.03875969,0,4.263565891,0.3875968992,2.325581395
강남구,일원1동,"15,384",0.92,112,"3,274",385.0446708,6888,0,0,1,11,0,3,0,1,0.007280291212,0.2128185127,0.02502890476,0,1.086956522,11.95652174,0,3.260869565,0,1.086956522
강남구,일원2동,"17,717",1.24,"1,618","3,384",321.4880292,9506,0,0,1,8,0,5,0,3,0.09132471637,0.1910029915,0.01814573738,0,0.8064516129,6.451612903,0,4.032258065,0,2.419354839
강남구,수서동,"14,925",1.43,"1,229","4,599",343.42225,18055,0,0,1,19,0,12,0,3,0.08234505863,0.3081407035,0.023009866,0,0.6993006993,13.28671329,0,8.391608392,0,2.097902098
강남구,세곡동,"43,644",6.36,"3,236","6,441",669.512475,7062,0,1,0,22,0,7,0,1,0.0741453579,0.1475804234,0.01534030966,0.1572327044,0,3.459119497,0,1.100628931,0,0.1572327044
강남구,압구정동,"26,584",2.53,"2,178","5,145",1249.953712,29427,0,0,0,57,0,12,0,25,0.08192897984,0.1935374661,0.04701902317,0,0,22.52964427,0,4.743083004,0,9.881422925
강남구,청담동,"26,276",2.33,129,"3,747",1536.879658,38137,0,2,0,55,0,9,0,20,0.004909423048,0.1426016136,0.05848986368,0.8583690987,0,23.60515021,0,3.862660944,0,8.583690987
강남구,대치2동,"36,333",2.00,219,"4,857",828.7289,64496,0,0,1,49,0,17,0,24,0.006027578235,0.1336801255,0.02280926155,0,0.5,24.5,0,8.5,0,12
강남구,개포2동,"26,893",2.51,161,"3,523",610.8645833,3056,1,0,2,9,0,1,0,3,0.005986687986,0.1310006321,0.02271463144,0,0.796812749,3.585657371,0,0.3984063745,0,1.195219124
송파구,풍납1동,"13,673",0.77,169,"2,752",1270.410987,2489,0,1,1,8,0,3,0,0,0.0123601258,0.201272581,0.09291384385,1.298701299,1.298701299,10.38961039,0,3.896103896,0,0
송파구,풍납2동,"25,200",1.59,534,"3,767",524.5738333,16316,0,1,0,21,0,1,1,5,0.02119047619,0.149484127,0.02081642196,0.6289308176,0,13.20754717,0,0.6289308176,0.6289308176,3.144654088
송파구,거여1동,"12,732",0.51,556,"2,384",153.2548208,3649,0,0,1,12,0,1,0,0,0.04366949419,0.1872447377,0.01203697933,0,1.960784314,23.52941176,0,1.960784314,0,0
송파구,거여2동,"18,965",0.53,609,"3,523",169.0864364,4560,0,0,0,11,0,1,0,3,0.03211178487,0.1857632481,0.008915709802,0,0,20.75471698,0,1.886792453,0,5.660377358
송파구,마천1동,"19,240",0.58,792,"4,186",237.9187583,2411,0,0,1,14,0,0,0,0,0.04116424116,0.2175675676,0.01236583983,0,1.724137931,24.13793103,0,0,0,0
송파구,마천2동,"19,060",0.89,"1,551","4,049",317.5945458,4236,1,1,0,11,0,4,0,2,0.08137460651,0.2124344176,0.01666288278,1.123595506,0,12.35955056,0,4.494382022,0,2.247191011
송파구,방이1동,"15,888",0.50,"1,423","2,232",356.6659333,8454,0,0,0,19,0,3,0,2,0.08956445116,0.1404833837,0.02244876217,0,0,38,0,6,0,4
송파구,방이2동,"27,216",0.80,326,"3,516",1259.943683,19808,0,1,1,39,0,4,0,5,0.01197824809,0.1291887125,0.04629422704,1.25,1.25,48.75,0,5,0,6.25
송파구,오륜동,"18,087",3.17,759,"2,791",391.5966042,5724,0,0,1,15,0,8,0,6,0.04196384143,0.1543097252,0.02165072174,0,0.3154574132,4.731861199,0,2.523659306,0,1.892744479
송파구,오금동,"38,936",1.65,12,"6,338",519.8690958,16687,0,2,2,43,0,5,0,5,0.0003081980686,0.1627799466,0.01335188761,1.212121212,1.212121212,26.06060606,0,3.03030303,0,3.03030303
송파구,송파1동,"24,402",0.79,"1,523","3,432",835.9369875,14692,1,0,1,27,0,6,0,4,0.06241291697,0.1406442095,0.03425690466,0,1.265822785,34.17721519,0,7.594936709,0,5.063291139
송파구,송파2동,"19,388",0.53,539,"2,839",299.6092375,4149,1,0,0,16,0,1,0,1,0.02780070146,0.1464307819,0.01545333389,0,0,30.18867925,0,1.886792453,0,1.886792453
송파구,석촌동,"32,344",0.95,345,"4,506",1141.969112,15306,0,0,0,45,0,4,0,7,0.01066658422,0.1393148652,0.03530698466,0,0,47.36842105,0,4.210526316,0,7.368421053
송파구,삼전동,"30,921",0.95,991,"3,979",811.2969417,11418,0,0,1,34,0,4,0,2,0.03204941625,0.1286827722,0.02623773299,0,1.052631579,35.78947368,0,4.210526316,0,2.105263158
송파구,가락본동,"26,740",1.13,"1,052","3,755",955.7158417,25440,0,1,1,40,1,10,1,9,0.03934181002,0.1404263276,0.03574105616,0.8849557522,0.8849557522,35.39823009,0.8849557522,8.849557522,0.8849557522,7.96460177
송파구,가락1동,"27,406",1.34,629,"3,411",487.8067375,11391,1,1,0,10,0,2,0,8,0.02295117857,0.1244617967,0.01779926795,0.7462686567,0,7.462686567,0,1.492537313,0,5.970149254
송파구,가락2동,"32,662",0.96,98,"4,254",350.9892125,9763,0,0,0,20,0,7,0,6,0.003000428633,0.130243096,0.01074610289,0,0,20.83333333,0,7.291666667,0,6.25
송파구,문정1동,"20,339",0.56,557,"2,953",419.4661958,6194,1,0,0,16,0,0,0,1,0.02738581051,0.1451890457,0.02062373744,0,0,28.57142857,0,0,0,1.785714286
송파구,문정2동,"29,106",2.20,385,"3,928",734.952525,59850,0,0,2,63,0,10,0,12,0.01322751323,0.1349549921,0.02525089415,0,0.9090909091,28.63636364,0,4.545454545,0,5.454545455
송파구,잠실본동,"28,604",0.94,94,"3,748",1257.439729,19197,1,0,0,54,0,7,0,8,0.003286253671,0.1310306251,0.0439602758,0,0,57.44680851,0,7.446808511,0,8.510638298
송파구,잠실4동,"21,297",1.56,854,"2,783",376.812575,1696,0,0,0,6,0,5,0,3,0.04009954454,0.130675682,0.01769322322,0,0,3.846153846,0,3.205128205,0,1.923076923
송파구,잠실6동,"16,901",2.79,23,"2,793",1038.413925,49280,3,4,2,26,0,17,0,19,0.001360866221,0.1652564937,0.06144097539,1.433691756,0.7168458781,9.318996416,0,6.093189964,0,6.810035842
송파구,잠실7동,"9,594",0.60,40,"2,133",199.9795542,1284,0,0,0,1,0,2,0,4,0.004169272462,0.222326454,0.02084423121,0,0,1.666666667,0,3.333333333,0,6.666666667
송파구,잠실2동,"35,301",2.18,9,"3,607",464.1548667,4583,0,0,1,19,0,2,0,4,0.0002549502847,0.1021784085,0.0131484906,0,0.4587155963,8.71559633,0,0.9174311927,0,1.834862385
송파구,잠실3동,"34,577",1.49,26,"5,676",1138.245813,9536,0,0,1,19,0,4,0,9,0.0007519449345,0.1641553634,0.03291916051,0,0.6711409396,12.75167785,0,2.684563758,0,6.040268456
송파구,장지동,"29,540",1.37,46,"4,217",486.6946208,9229,0,0,0,19,0,9,0,4,0.001557210562,0.1427555856,0.01647578269,0,0,13.86861314,0,6.569343066,0,2.919708029
송파구,위례동,"36,877",2.55,"1,390","2,901",437.827925,3859,0,0,0,17,0,1,0,1,0.0376928709,0.07866691976,0.01187265572,0,0,6.666666667,0,0.3921568627,0,0.3921568627
강동구,명일1동,"25,947",0.61,539,"3,987",226.716525,6643,0,0,1,17,0,7,0,6,0.02077311443,0.1536593826,0.008737677766,0,1.639344262,27.86885246,0,11.47540984,0,9.836065574
강동구,명일2동,"17,539",0.97,"1,652","2,551",126.6660042,3944,0,0,0,17,0,8,0,5,0.09419009066,0.1454472889,0.007221962723,0,0,17.5257732,0,8.24742268,0,5.154639175
강동구,고덕1동,"24,919",1.73,384,"2,882",307.9000333,2670,0,0,0,7,0,1,0,0,0.01540992817,0.1156547213,0.01235603489,0,0,4.046242775,0,0.5780346821,0,0
강동구,고덕2동,"22,539",2.01,373,"2,927",298.9047542,2548,1,0,0,9,0,2,0,1,0.01654909268,0.1298637917,0.01326166885,0,0,4.47761194,0,0.9950248756,0,0.4975124378
강동구,암사2동,"15,248",1.18,195,"2,370",195.641075,3711,0,0,0,11,0,2,0,3,0.01278856243,0.1554302204,0.01283060565,0,0,9.322033898,0,1.694915254,0,2.542372881
강동구,암사3동,"17,956",2.51,323,"2,624",134.0091667,2185,0,0,0,7,1,2,0,1,0.01798841613,0.1461349967,0.007463197076,0,0,2.788844622,0.3984063745,0.796812749,0,0.3984063745
강동구,천호1동,"27,196",0.71,570,"5,158",450.9187833,5332,0,1,0,21,0,7,0,1,0.02095896455,0.1896602442,0.01658033473,1.408450704,0,29.57746479,0,9.85915493,0,1.408450704
강동구,천호3동,"26,804",0.79,156,"4,627",936.7006042,7474,1,0,0,25,0,4,0,3,0.005820026862,0.172623489,0.03494629922,0,0,31.64556962,0,5.063291139,0,3.797468354
강동구,성내1동,"20,207",0.58,125,"3,073",396.7949542,17777,0,0,1,21,1,7,0,4,0.006185975157,0.1520760133,0.01963650983,0,1.724137931,36.20689655,1.724137931,12.06896552,0,6.896551724
강동구,성내2동,"24,358",0.67,"1,491","4,331",1442.118212,6770,0,0,0,30,0,2,0,3,0.06121192216,0.1778060596,0.05920511586,0,0,44.7761194,0,2.985074627,0,4.47761194
강동구,성내3동,"23,532",0.71,"1,364","3,815",628.8628958,9117,0,0,1,33,0,7,0,5,0.057963624,0.1621196668,0.02672373346,0,1.408450704,46.47887324,0,9.85915493,0,7.042253521
강동구,둔촌1동,145,0.92,278,37,78.80559583,283,0,0,0,4,0,0,0,0,1.917241379,0.2551724138,0.5434868678,0,0,4.347826087,0,0,0,0
강동구,둔촌2동,"24,847",0.98,831,"4,104",594.7813833,9463,0,1,0,20,0,7,1,4,0.03344468145,0.1651708456,0.02393775439,1.020408163,0,20.40816327,0,7.142857143,1.020408163,4.081632653
강동구,암사1동,"34,916",1.02,651,"6,000",456.6300917,5646,1,0,0,32,0,2,0,1,0.01864474739,0.1718409898,0.01307796116,0,0,31.37254902,0,1.960784314,0,0.9803921569
강동구,천호2동,"33,969",1.57,517,"5,921",1775.944883,14208,0,0,1,50,0,13,0,3,0.01521975919,0.1743059849,0.05228134131,0,0.6369426752,31.84713376,0,8.280254777,0,1.910828025
강동구,길동,"46,047",2.17,"1,896","7,869",970.2698,21237,1,0,1,60,0,7,1,8,0.04117532087,0.1708906118,0.02107129238,0,0.4608294931,27.64976959,0,3.225806452,0.4608294931,3.686635945
강동구,강일동,"32,700",2.80,"1,971","5,177",483.7621833,17586,1,0,1,30,0,5,0,1,0.06027522936,0.1583180428,0.01479395056,0,0.3571428571,10.71428571,0,1.785714286,0,0.3571428571
강동구,상일동,49128,2.65,"1,459",5775,626.3918625,5176,1,1,2,7,0,3,1,4,0.02969793193,0.1175500733,0.01275020075,0.3773584906,0.7547169811,2.641509434,0,1.132075472,0.3773584906,1.509433962